video_id,published_at,text,start,duration
SUpPkjd_N30,2024-12-03T13:27:27Z,[Music],4.88,3.4
SUpPkjd_N30,2024-12-03T13:27:27Z,greetings I am Master scribe grin thic a,15.199,7.16
SUpPkjd_N30,2024-12-03T13:27:27Z,truth keeper of Vera historical archive,18.76,5.12
SUpPkjd_N30,2024-12-03T13:27:27Z,I have been tasked with documenting the,22.359,3.521
SUpPkjd_N30,2024-12-03T13:27:27Z,actions of those who've returned from,23.88,5.28
SUpPkjd_N30,2024-12-03T13:27:27Z,Sanctus keeping record of both Good The,25.88,6.12
SUpPkjd_N30,2024-12-03T13:27:27Z,Bad and the gray in,29.16,5.32
SUpPkjd_N30,2024-12-03T13:27:27Z,between my records are based on various,32.0,4.16
SUpPkjd_N30,2024-12-03T13:27:27Z,firsthand accounts and personal,34.48,3.8
SUpPkjd_N30,2024-12-03T13:27:27Z,hypothesis and should be viewed as such,36.16,3.36
SUpPkjd_N30,2024-12-03T13:27:27Z,to those who,38.28,3.32
SUpPkjd_N30,2024-12-03T13:27:27Z,question I have chosen to begin this,39.52,3.92
SUpPkjd_N30,2024-12-03T13:27:27Z,deep undertaking by covering the most,41.6,3.52
SUpPkjd_N30,2024-12-03T13:27:27Z,recent events that have overtaken the,43.44,4.36
SUpPkjd_N30,2024-12-03T13:27:27Z,realm with a magnified focus on what's,45.12,6.2
SUpPkjd_N30,2024-12-03T13:27:27Z,become known as the battle for,47.8,5.84
SUpPkjd_N30,2024-12-03T13:27:27Z,Vera some would tell you this was the,51.32,4.879
SUpPkjd_N30,2024-12-03T13:27:27Z,battle that never was or in Grand scale,53.64,5.32
SUpPkjd_N30,2024-12-03T13:27:27Z,the blood that was shed was few but it's,56.199,5.2
SUpPkjd_N30,2024-12-03T13:27:27Z,not the battle that impact Ed the many,58.96,4.2
SUpPkjd_N30,2024-12-03T13:27:27Z,but the actions of the many that have,61.399,5.76
SUpPkjd_N30,2024-12-03T13:27:27Z,become the battlecry of the,63.16,3.999
SUpPkjd_N30,2024-12-03T13:27:27Z,few I'll begin with the group that,69.56,4.68
SUpPkjd_N30,2024-12-03T13:27:27Z,entered through the portal from Sanctus,71.799,4.32
SUpPkjd_N30,2024-12-03T13:27:27Z,my sources have told me they were known,74.24,3.6
SUpPkjd_N30,2024-12-03T13:27:27Z,during their time on Sanctus as a,76.119,5.441
SUpPkjd_N30,2024-12-03T13:27:27Z,poisonous unsavory band They pillaged,77.84,7.04
SUpPkjd_N30,2024-12-03T13:27:27Z,raided murdered and took without,81.56,5.559
SUpPkjd_N30,2024-12-03T13:27:27Z,remorse very few could stand against,84.88,5.64
SUpPkjd_N30,2024-12-03T13:27:27Z,them but there was one who did a being,87.119,6.0
SUpPkjd_N30,2024-12-03T13:27:27Z,of great strength who is still unknown,90.52,4.44
SUpPkjd_N30,2024-12-03T13:27:27Z,stripped the group of their power and,93.119,3.0
SUpPkjd_N30,2024-12-03T13:27:27Z,all they had,94.96,3.439
SUpPkjd_N30,2024-12-03T13:27:27Z,attained wandering and Loathing in their,96.119,5.36
SUpPkjd_N30,2024-12-03T13:27:27Z,anger the band Came Upon a portal the,98.399,4.921
SUpPkjd_N30,2024-12-03T13:27:27Z,portal to,101.479,3.841
SUpPkjd_N30,2024-12-03T13:27:27Z,Vera while the time they came through,103.32,3.6
SUpPkjd_N30,2024-12-03T13:27:27Z,the portal has not been made public,105.32,3.439
SUpPkjd_N30,2024-12-03T13:27:27Z,knowledge we know the small band of,106.92,4.04
SUpPkjd_N30,2024-12-03T13:27:27Z,Raiders made their way into Vera,108.759,4.201
SUpPkjd_N30,2024-12-03T13:27:27Z,nonetheless they arrived with nothing,110.96,5.28
SUpPkjd_N30,2024-12-03T13:27:27Z,but the clothes on their backs but this,112.96,7.079
SUpPkjd_N30,2024-12-03T13:27:27Z,did not last through means unknown they,116.24,5.96
SUpPkjd_N30,2024-12-03T13:27:27Z,quickly gained knowledge in the realm,120.039,4.241
SUpPkjd_N30,2024-12-03T13:27:27Z,acquiring unnatural strength not seen,122.2,3.919
SUpPkjd_N30,2024-12-03T13:27:27Z,before by the rest of the,124.28,4.36
SUpPkjd_N30,2024-12-03T13:27:27Z,population some say it was a dark pact,126.119,4.961
SUpPkjd_N30,2024-12-03T13:27:27Z,with an unknown ancient others say they,128.64,4.679
SUpPkjd_N30,2024-12-03T13:27:27Z,reached out into the void connecting,131.08,4.239
SUpPkjd_N30,2024-12-03T13:27:27Z,with the others I believe there's,133.319,4.881
SUpPkjd_N30,2024-12-03T13:27:27Z,something more nefarious darker that,135.319,5.521
SUpPkjd_N30,2024-12-03T13:27:27Z,took place I'll explain my theory in my,138.2,3.91
SUpPkjd_N30,2024-12-03T13:27:27Z,next report,140.84,4.799
SUpPkjd_N30,2024-12-03T13:27:27Z,[Music],142.11,3.529
SUpPkjd_N30,2024-12-03T13:27:27Z,[Music],148.21,5.72
SUpPkjd_N30,2024-12-03T13:27:27Z,[Music],161.78,2.919
qDuc9QdiRE0,2024-11-27T14:37:24Z,[Music],4.88,6.4
qDuc9QdiRE0,2024-11-27T14:37:24Z,I was traveling I think I was traveling,7.08,6.36
qDuc9QdiRE0,2024-11-27T14:37:24Z,from above,11.28,5.28
qDuc9QdiRE0,2024-11-27T14:37:24Z,houseon to new AA to get with a to get,13.44,5.08
qDuc9QdiRE0,2024-11-27T14:37:24Z,with a group the other day and it took,16.56,4.16
qDuc9QdiRE0,2024-11-27T14:37:24Z,me 35,18.52,5.679
qDuc9QdiRE0,2024-11-27T14:37:24Z,minutes and I loved every bit of it and,20.72,4.84
qDuc9QdiRE0,2024-11-27T14:37:24Z,like there there's there's some folks,24.199,3.041
qDuc9QdiRE0,2024-11-27T14:37:24Z,that just hands down like they have to,25.56,3.92
qDuc9QdiRE0,2024-11-27T14:37:24Z,have fast travel this is not your game,27.24,4.839
qDuc9QdiRE0,2024-11-27T14:37:24Z,mm and I totally understand that like,29.48,4.759
qDuc9QdiRE0,2024-11-27T14:37:24Z,we're so used to these conveniences sure,32.079,3.401
qDuc9QdiRE0,2024-11-27T14:37:24Z,but when you,34.239,4.601
qDuc9QdiRE0,2024-11-27T14:37:24Z,have when you have a game that truly,35.48,7.2
qDuc9QdiRE0,2024-11-27T14:37:24Z,makes you understand and feel what scale,38.84,6.44
qDuc9QdiRE0,2024-11-27T14:37:24Z,is if it took me 35 minutes to get from,42.68,5.559
qDuc9QdiRE0,2024-11-27T14:37:24Z,houseon to where we were down in new,45.28,4.599
qDuc9QdiRE0,2024-11-27T14:37:24Z,AA,48.239,4.16
qDuc9QdiRE0,2024-11-27T14:37:24Z,imagine imagine how long it's going to,49.879,5.921
qDuc9QdiRE0,2024-11-27T14:37:24Z,take you to get to the edge of the water,52.399,4.881
qDuc9QdiRE0,2024-11-27T14:37:24Z,from the,55.8,4.64
qDuc9QdiRE0,2024-11-27T14:37:24Z,riverlands to the edge of the water like,57.28,6.279
qDuc9QdiRE0,2024-11-27T14:37:24Z,near SAA dude you will literally have to,60.44,6.8
qDuc9QdiRE0,2024-11-27T14:37:24Z,plan your week like you if if you have a,63.559,5.6
qDuc9QdiRE0,2024-11-27T14:37:24Z,raid or something that's taking place up,67.24,5.36
qDuc9QdiRE0,2024-11-27T14:37:24Z,near SAA which by the way is the north,69.159,5.561
qDuc9QdiRE0,2024-11-27T14:37:24Z,island of furthest North Island of the,72.6,3.76
qDuc9QdiRE0,2024-11-27T14:37:24Z,entire map riverlands is that's where,74.72,3.96
qDuc9QdiRE0,2024-11-27T14:37:24Z,tumac's from yeah it's like riverlands,76.36,4.64
qDuc9QdiRE0,2024-11-27T14:37:24Z,is like near the bottom okay of the map,78.68,3.64
qDuc9QdiRE0,2024-11-27T14:37:24Z,so you're essentially traveling all the,81.0,5.479
qDuc9QdiRE0,2024-11-27T14:37:24Z,way to this tippity top like already,82.32,7.08
qDuc9QdiRE0,2024-11-27T14:37:24Z,like I'm I'm experiencing that as well,86.479,4.201
qDuc9QdiRE0,2024-11-27T14:37:24Z,with you know what you're saying with,89.4,4.039
qDuc9QdiRE0,2024-11-27T14:37:24Z,that 30 minute drive time essentially,90.68,5.759
qDuc9QdiRE0,2024-11-27T14:37:24Z,and you know that that I'm already,93.439,5.521
qDuc9QdiRE0,2024-11-27T14:37:24Z,taking that into account for my gameplay,96.439,4.561
qDuc9QdiRE0,2024-11-27T14:37:24Z,for that night or whenever I'm gaming,98.96,4.199
qDuc9QdiRE0,2024-11-27T14:37:24Z,like okay I know family's going to be,101.0,5.24
qDuc9QdiRE0,2024-11-27T14:37:24Z,coming home XYZ I know I've got about 25,103.159,5.481
qDuc9QdiRE0,2024-11-27T14:37:24Z,minute roughly run okay I probably,106.24,3.68
qDuc9QdiRE0,2024-11-27T14:37:24Z,shouldn't get involved in that group but,108.64,4.159
qDuc9QdiRE0,2024-11-27T14:37:24Z,I can do this instead so like you know,109.92,4.08
qDuc9QdiRE0,2024-11-27T14:37:24Z,you're,112.799,3.841
qDuc9QdiRE0,2024-11-27T14:37:24Z,already in one zone we're already,114.0,4.2
qDuc9QdiRE0,2024-11-27T14:37:24Z,planning these things out so can you,116.64,3.56
qDuc9QdiRE0,2024-11-27T14:37:24Z,imagine like if you have a raid on a,118.2,4.279
qDuc9QdiRE0,2024-11-27T14:37:24Z,Saturday night and you have to get all,120.2,4.959
qDuc9QdiRE0,2024-11-27T14:37:24Z,the way up there you better hope that,122.479,5.76
qDuc9QdiRE0,2024-11-27T14:37:24Z,you can find like either some kind of,125.159,6.001
qDuc9QdiRE0,2024-11-27T14:37:24Z,quicker travel maybe it's a boat all the,128.239,5.601
qDuc9QdiRE0,2024-11-27T14:37:24Z,way up there or something but like,131.16,5.48
qDuc9QdiRE0,2024-11-27T14:37:24Z,that's my boat that's,133.84,5.24
qDuc9QdiRE0,2024-11-27T14:37:24Z,my like it's G to be nuts it's going to,136.64,5.2
qDuc9QdiRE0,2024-11-27T14:37:24Z,be nuts it it is going to be nuts and,139.08,6.12
qDuc9QdiRE0,2024-11-27T14:37:24Z,but at the same time I love that you,141.84,5.84
qDuc9QdiRE0,2024-11-27T14:37:24Z,have to plan your game play,145.2,5.16
qDuc9QdiRE0,2024-11-27T14:37:24Z,around that around,147.68,5.88
qDuc9QdiRE0,2024-11-27T14:37:24Z,the travel times um and granted I know,150.36,4.92
qDuc9QdiRE0,2024-11-27T14:37:24Z,like Family Travel is is going to be a,153.56,4.679
qDuc9QdiRE0,2024-11-27T14:37:24Z,thing later but it'll be incredibly,155.28,6.36
qDuc9QdiRE0,2024-11-27T14:37:24Z,limited but there are times now where,158.239,6.121
qDuc9QdiRE0,2024-11-27T14:37:24Z,I'll be in a group and we'll be like way,161.64,4.959
qDuc9QdiRE0,2024-11-27T14:37:24Z,up by Like Ur sign caves or something,164.36,4.879
qDuc9QdiRE0,2024-11-27T14:37:24Z,you know doing the thing getting just,166.599,4.681
qDuc9QdiRE0,2024-11-27T14:37:24Z,getting into Hood rack crap we're way up,169.239,4.72
qDuc9QdiRE0,2024-11-27T14:37:24Z,there just having fun doing our thing,171.28,4.72
qDuc9QdiRE0,2024-11-27T14:37:24Z,and then I start head bobing I'm like I,173.959,4.521
qDuc9QdiRE0,2024-11-27T14:37:24Z,got to go to bed and I'll log out up,176.0,4.84
qDuc9QdiRE0,2024-11-27T14:37:24Z,there and then I'll I'll log in the next,178.48,4.88
qDuc9QdiRE0,2024-11-27T14:37:24Z,morning first thing and I'll just be,180.84,6.759
qDuc9QdiRE0,2024-11-27T14:37:24Z,like oh,183.36,7.159
qDuc9QdiRE0,2024-11-27T14:37:24Z,fudge I literally have to drive my horse,187.599,4.441
qDuc9QdiRE0,2024-11-27T14:37:24Z,like half an hour to get where,190.519,3.761
qDuc9QdiRE0,2024-11-27T14:37:24Z,everybody's at so then you get on you're,192.04,3.919
qDuc9QdiRE0,2024-11-27T14:37:24Z,like hey where you guys at and they're,194.28,4.16
qDuc9QdiRE0,2024-11-27T14:37:24Z,like oh we're uh we're at the tower,195.959,5.081
qDuc9QdiRE0,2024-11-27T14:37:24Z,outside of new Ala I'm,198.44,4.96
qDuc9QdiRE0,2024-11-27T14:37:24Z,like throw me an invite I'll be there in,201.04,4.52
qDuc9QdiRE0,2024-11-27T14:37:24Z,half hour you know what I mean it's like,203.4,6.6
qDuc9QdiRE0,2024-11-27T14:37:24Z,oh my God I'm so far to go,205.56,4.44
_Xy0m0QavKE,2024-11-20T13:27:57Z,[Music],4.88,4.16
_Xy0m0QavKE,2024-11-20T13:27:57Z,so talking on the note about looting,7.24,5.68
_Xy0m0QavKE,2024-11-20T13:27:57Z,people and um you know them then being,9.04,7.48
_Xy0m0QavKE,2024-11-20T13:27:57Z,purple why is it such a huge change and,12.92,6.84
_Xy0m0QavKE,2024-11-20T13:27:57Z,you know like is it because it is going,16.52,4.919
_Xy0m0QavKE,2024-11-20T13:27:57Z,to make them think twice about looting,19.76,4.679
_Xy0m0QavKE,2024-11-20T13:27:57Z,somebody is it is that yeah you think,21.439,6.08
_Xy0m0QavKE,2024-11-20T13:27:57Z,that's what it is yeah I I first of all,24.439,4.881
_Xy0m0QavKE,2024-11-20T13:27:57Z,I have to give credit to FS for like one,27.519,3.561
_Xy0m0QavKE,2024-11-20T13:27:57Z,of the best comments in the chat for the,29.32,4.52
_Xy0m0QavKE,2024-11-20T13:27:57Z,whole night referring to Cash's story,31.08,7.159
_Xy0m0QavKE,2024-11-20T13:27:57Z,like but calm doesn't lead to Great,33.84,4.399
_Xy0m0QavKE,2024-11-20T13:27:57Z,stories well which is like my motto for,38.48,6.68
_Xy0m0QavKE,2024-11-20T13:27:57Z,life when rooting for chaos is like I,42.48,5.759
_Xy0m0QavKE,2024-11-20T13:27:57Z,like but did it make for a good story,45.16,5.719
_Xy0m0QavKE,2024-11-20T13:27:57Z,yeah and here's another tip don't ever,48.239,4.441
_Xy0m0QavKE,2024-11-20T13:27:57Z,let the facts get in the way of a good,50.879,5.16
_Xy0m0QavKE,2024-11-20T13:27:57Z,story Absolut really were the facts I,52.68,5.76
_Xy0m0QavKE,2024-11-20T13:27:57Z,promise you that's what happen the the,56.039,4.921
_Xy0m0QavKE,2024-11-20T13:27:57Z,thing is this that like,58.44,5.679
_Xy0m0QavKE,2024-11-20T13:27:57Z,if you have somebody that comes right,60.96,5.479
_Xy0m0QavKE,2024-11-20T13:27:57Z,into the middle of your group like in,64.119,5.401
_Xy0m0QavKE,2024-11-20T13:27:57Z,cat a story and picks up the ashes of,66.439,4.881
_Xy0m0QavKE,2024-11-20T13:27:57Z,your dead person or for example Zen,69.52,4.0
_Xy0m0QavKE,2024-11-20T13:27:57Z,marksman's story Zen Marksman had an,71.32,4.479
_Xy0m0QavKE,2024-11-20T13:27:57Z,issue where he was standing quite,73.52,4.959
_Xy0m0QavKE,2024-11-20T13:27:57Z,literally on the on the ashes of his,75.799,5.68
_Xy0m0QavKE,2024-11-20T13:27:57Z,wife and somebody came over and took the,78.479,6.96
_Xy0m0QavKE,2024-11-20T13:27:57Z,stuff right like if you are a number of,81.479,6.801
_Xy0m0QavKE,2024-11-20T13:27:57Z,levels higher than than the people,85.439,4.561
_Xy0m0QavKE,2024-11-20T13:27:57Z,around you and you are you are more more,88.28,3.44
_Xy0m0QavKE,2024-11-20T13:27:57Z,or less just walking around saying I,90.0,3.72
_Xy0m0QavKE,2024-11-20T13:27:57Z,don't care what anybody thinks about me,91.72,4.28
_Xy0m0QavKE,2024-11-20T13:27:57Z,I'm going to do this because you can't,93.72,4.6
_Xy0m0QavKE,2024-11-20T13:27:57Z,kill me then that's one thing right but,96.0,4.799
_Xy0m0QavKE,2024-11-20T13:27:57Z,if a lower level person comes in and is,98.32,5.439
_Xy0m0QavKE,2024-11-20T13:27:57Z,like oh cool dead guy and just grabs all,100.799,6.32
_Xy0m0QavKE,2024-11-20T13:27:57Z,the stuff they should not be treated,103.759,7.281
_Xy0m0QavKE,2024-11-20T13:27:57Z,with you know immunity like they they,107.119,6.161
_Xy0m0QavKE,2024-11-20T13:27:57Z,you should pay for that and if you can,111.04,4.28
_Xy0m0QavKE,2024-11-20T13:27:57Z,be killed and if there's a couple people,113.28,4.32
_Xy0m0QavKE,2024-11-20T13:27:57Z,staring at you like they should not be,115.32,4.6
_Xy0m0QavKE,2024-11-20T13:27:57Z,the ones that get corrupt for a,117.6,4.439
_Xy0m0QavKE,2024-11-20T13:27:57Z,attacking you for doing this thing you,119.92,4.0
_Xy0m0QavKE,2024-11-20T13:27:57Z,should immediately flag for at least a,122.039,3.561
_Xy0m0QavKE,2024-11-20T13:27:57Z,period of like I don't know how long the,123.92,5.559
_Xy0m0QavKE,2024-11-20T13:27:57Z,flag lasts let's say like a minute okay,125.6,5.52
_Xy0m0QavKE,2024-11-20T13:27:57Z,if that happens you should be killed,129.479,3.041
_Xy0m0QavKE,2024-11-20T13:27:57Z,like right then and there by the people,131.12,3.72
_Xy0m0QavKE,2024-11-20T13:27:57Z,standing around you and that's fair to,132.52,5.359
_Xy0m0QavKE,2024-11-20T13:27:57Z,me like don't there has to be a there,134.84,5.6
_Xy0m0QavKE,2024-11-20T13:27:57Z,has to be a moment in which that person,137.879,6.0
_Xy0m0QavKE,2024-11-20T13:27:57Z,is able to be attacked if there's people,140.44,5.4
_Xy0m0QavKE,2024-11-20T13:27:57Z,around that want to attack him I think,143.879,7.601
_Xy0m0QavKE,2024-11-20T13:27:57Z,that's I think that's entirely Fair yeah,145.84,5.64
_Xy0m0QavKE,2024-11-20T13:27:57Z,go ahead I thought,151.92,4.399
_Xy0m0QavKE,2024-11-20T13:27:57Z,you still processing I'm torn because I,153.319,4.56
_Xy0m0QavKE,2024-11-20T13:27:57Z,I know what's going to happen I am I,156.319,5.56
_Xy0m0QavKE,2024-11-20T13:27:57Z,will have restraint but it it really it,157.879,6.28
_Xy0m0QavKE,2024-11-20T13:27:57Z,like it made me mad when I saw that,161.879,4.161
_Xy0m0QavKE,2024-11-20T13:27:57Z,happen if somebody just comes through,164.159,3.481
_Xy0m0QavKE,2024-11-20T13:27:57Z,and thinks that they can just do that it,166.04,5.08
_Xy0m0QavKE,2024-11-20T13:27:57Z,it makes me mad but this is risk versus,167.64,6.519
_Xy0m0QavKE,2024-11-20T13:27:57Z,reward at its best this is the system,171.12,6.44
_Xy0m0QavKE,2024-11-20T13:27:57Z,working because it makes you think,174.159,6.201
_Xy0m0QavKE,2024-11-20T13:27:57Z,twice about what you're next actions are,177.56,5.12
_Xy0m0QavKE,2024-11-20T13:27:57Z,going to be I have not had that in a,180.36,7.439
_Xy0m0QavKE,2024-11-20T13:27:57Z,game like since ever,182.68,5.119
pcVsfZHHE6Q,2024-11-19T12:55:33Z,100.7 The River Sunny Raven Court your,6.439,5.28
pcVsfZHHE6Q,2024-11-19T12:55:33Z,DriveTime radio friend taking you,9.2,4.639
pcVsfZHHE6Q,2024-11-19T12:55:33Z,through the riverlands rush hour and you,11.719,4.761
pcVsfZHHE6Q,2024-11-19T12:55:33Z,know what that means that's right it's,13.839,5.881
pcVsfZHHE6Q,2024-11-19T12:55:33Z,the top 10 so kick back in your Caravan,16.48,5.24
pcVsfZHHE6Q,2024-11-19T12:55:33Z,stay off your Scrolls and hang out with,19.72,4.799
pcVsfZHHE6Q,2024-11-19T12:55:33Z,me while I spin the 10 most played songs,21.72,7.319
pcVsfZHHE6Q,2024-11-19T12:55:33Z,this week right here on 100.7 The River,24.519,7.24
pcVsfZHHE6Q,2024-11-19T12:55:33Z,coming in at number 10 a newcomer,29.039,4.881
pcVsfZHHE6Q,2024-11-19T12:55:33Z,creeping into the top 10 for the first,31.759,5.161
pcVsfZHHE6Q,2024-11-19T12:55:33Z,time it's dorf Donaldson and the plan,33.92,6.6
pcVsfZHHE6Q,2024-11-19T12:55:33Z,with Lion holds Bridge on the,36.92,7.76
pcVsfZHHE6Q,2024-11-19T12:55:33Z,River Li,40.52,9.8
pcVsfZHHE6Q,2024-11-19T12:55:33Z,Riv stands might Where the wild,44.68,11.399
pcVsfZHHE6Q,2024-11-19T12:55:33Z,wind two St Lions watch with G so,50.32,10.8
pcVsfZHHE6Q,2024-11-19T12:55:33Z,Grand Guardians of the path in this an,56.079,8.04
pcVsfZHHE6Q,2024-11-19T12:55:33Z,land oh Li Old,61.12,5.84
pcVsfZHHE6Q,2024-11-19T12:55:33Z,Bridge you'll never,64.119,5.64
pcVsfZHHE6Q,2024-11-19T12:55:33Z,fall with streng your,66.96,5.64
pcVsfZHHE6Q,2024-11-19T12:55:33Z,Stones you stand so,69.759,7.441
pcVsfZHHE6Q,2024-11-19T12:55:33Z,tall through storm and Shadow you end,72.6,5.68
pcVsfZHHE6Q,2024-11-19T12:55:33Z,the,77.2,7.919
pcVsfZHHE6Q,2024-11-19T12:55:33Z,fight a Beacon of Hope in the dark of,78.28,6.839
pcVsfZHHE6Q,2024-11-19T12:55:33Z,night Travelers and dreams,87.079,5.561
pcVsfZHHE6Q,2024-11-19T12:55:33Z,it cross your,90.56,4.4
pcVsfZHHE6Q,2024-11-19T12:55:33Z,way across the,92.64,5.759
pcVsfZHHE6Q,2024-11-19T12:55:33Z,riverlands where the children,94.96,8.88
pcVsfZHHE6Q,2024-11-19T12:55:33Z,play ech of the laughter stories H,98.399,10.72
pcVsfZHHE6Q,2024-11-19T12:55:33Z,tight under the watch of the Lion's,103.84,8.319
pcVsfZHHE6Q,2024-11-19T12:55:33Z,might oh Lion,109.119,5.801
pcVsfZHHE6Q,2024-11-19T12:55:33Z,Bridge you never,112.159,5.6
pcVsfZHHE6Q,2024-11-19T12:55:33Z,fall we strengthen your,114.92,6.64
pcVsfZHHE6Q,2024-11-19T12:55:33Z,Stones you stand so,117.759,8.521
pcVsfZHHE6Q,2024-11-19T12:55:33Z,through storm and Shadow you end the,121.56,11.56
pcVsfZHHE6Q,2024-11-19T12:55:33Z,fight a Beacon of Hope in the dark of,126.28,6.84
pcVsfZHHE6Q,2024-11-19T12:55:33Z,night time May on but you hold your,135.92,7.959
pcVsfZHHE6Q,2024-11-19T12:55:33Z,ground in the dance of the,141.12,5.96
pcVsfZHHE6Q,2024-11-19T12:55:33Z,seasons your glory is,143.879,6.521
pcVsfZHHE6Q,2024-11-19T12:55:33Z,found Whispers of Legends,147.08,5.519
pcVsfZHHE6Q,2024-11-19T12:55:33Z,in the rustling,150.4,6.08
pcVsfZHHE6Q,2024-11-19T12:55:33Z,leaves for every heart that crosses a,152.599,6.681
pcVsfZHHE6Q,2024-11-19T12:55:33Z,memory,156.48,2.8
pcVsfZHHE6Q,2024-11-19T12:55:33Z,[Applause],160.33,3.089
pcVsfZHHE6Q,2024-11-19T12:55:33Z,we so to the Lions and stone,169.319,9.121
pcVsfZHHE6Q,2024-11-19T12:55:33Z,rise in the town of lion's home where,174.76,6.28
pcVsfZHHE6Q,2024-11-19T12:55:33Z,courage Never Dies,178.44,6.28
pcVsfZHHE6Q,2024-11-19T12:55:33Z,across the mighty bridge will forever,181.04,8.0
pcVsfZHHE6Q,2024-11-19T12:55:33Z,roll in the spirit of the land in the,184.72,7.72
pcVsfZHHE6Q,2024-11-19T12:55:33Z,Heart of,189.04,3.4
pcVsfZHHE6Q,2024-11-19T12:55:33Z,Love you're rocking the riverlands with,197.159,8.961
pcVsfZHHE6Q,2024-11-19T12:55:33Z,100.7 The River,201.68,4.44
pcVsfZHHE6Q,2024-11-19T12:55:33Z,[Music],206.35,7.2
pcVsfZHHE6Q,2024-11-19T12:55:33Z,[Music],217.16,3.03
pcVsfZHHE6Q,2024-11-19T12:55:33Z,[Applause],219.08,4.17
pcVsfZHHE6Q,2024-11-19T12:55:33Z,[Music],220.19,3.06
pcVsfZHHE6Q,2024-11-19T12:55:33Z,[Applause],223.61,7.15
pcVsfZHHE6Q,2024-11-19T12:55:33Z,oh in the heart of,227.76,6.24
pcVsfZHHE6Q,2024-11-19T12:55:33Z,Thea stands at town winon with the,230.76,6.28
pcVsfZHHE6Q,2024-11-19T12:55:33Z,golden blow Echoes a laughter in the,234.0,5.4
pcVsfZHHE6Q,2024-11-19T12:55:33Z,streets so alive a place of train and,237.04,6.6
pcVsfZHHE6Q,2024-11-19T12:55:33Z,fren where dreams can't Thrive,239.4,9.559
pcVsfZHHE6Q,2024-11-19T12:55:33Z,Ohad you sh like a diamond a hope in the,243.64,8.2
pcVsfZHHE6Q,2024-11-19T12:55:33Z,darkest night from the river banks to,248.959,6.36
pcVsfZHHE6Q,2024-11-19T12:55:33Z,the SK above in the city of cheer we,251.84,5.72
pcVsfZHHE6Q,2024-11-19T12:55:33Z,find,255.319,2.241
pcVsfZHHE6Q,2024-11-19T12:55:33Z,[Applause],258.44,4.6
pcVsfZHHE6Q,2024-11-19T12:55:33Z,our,261.32,4.96
pcVsfZHHE6Q,2024-11-19T12:55:33Z,Mar hold our Shar with every kind,263.04,5.52
pcVsfZHHE6Q,2024-11-19T12:55:33Z,stranger Every Soul that's there to,266.28,5.04
pcVsfZHHE6Q,2024-11-19T12:55:33Z,build the tomorrow where we all stand,268.56,5.16
pcVsfZHHE6Q,2024-11-19T12:55:33Z,tall and Winstead's Embrace there's a,271.32,3.56
pcVsfZHHE6Q,2024-11-19T12:55:33Z,for,273.72,5.96
pcVsfZHHE6Q,2024-11-19T12:55:33Z,soul oh Winstead shine like a diamond,274.88,8.52
pcVsfZHHE6Q,2024-11-19T12:55:33Z,bright be to Hope in the darkest night,279.68,7.28
pcVsfZHHE6Q,2024-11-19T12:55:33Z,from the river banks to the skies in the,283.4,8.44
pcVsfZHHE6Q,2024-11-19T12:55:33Z,city of Che we find our love,286.96,7.04
pcVsfZHHE6Q,2024-11-19T12:55:33Z,[Applause],291.84,9.72
pcVsfZHHE6Q,2024-11-19T12:55:33Z,oh oh of buling TS of old sh,294.0,7.56
pcVsfZHHE6Q,2024-11-19T12:55:33Z,with every stranger Every Soul that's,301.6,7.599
pcVsfZHHE6Q,2024-11-19T12:55:33Z,there to build it tomor where we all,305.4,7.88
pcVsfZHHE6Q,2024-11-19T12:55:33Z,stand tall and St Embrace there's a hope,309.199,6.041
pcVsfZHHE6Q,2024-11-19T12:55:33Z,for us,313.28,5.84
pcVsfZHHE6Q,2024-11-19T12:55:33Z,all instead you shine like a diamond,315.24,7.079
pcVsfZHHE6Q,2024-11-19T12:55:33Z,bright a Beacon of Hope in the darkest,319.12,6.199
pcVsfZHHE6Q,2024-11-19T12:55:33Z,night from the river banks to the skies,322.319,6.281
pcVsfZHHE6Q,2024-11-19T12:55:33Z,above in the city of cheer we find our,325.319,4.921
pcVsfZHHE6Q,2024-11-19T12:55:33Z,love,328.6,7.28
pcVsfZHHE6Q,2024-11-19T12:55:33Z,a TS of Shar with every kind Str to,330.24,8.64
pcVsfZHHE6Q,2024-11-19T12:55:33Z,build up tomorrow where we all stand,335.88,7.84
pcVsfZHHE6Q,2024-11-19T12:55:33Z,tall and wi Embraces a hope for,338.88,6.68
pcVsfZHHE6Q,2024-11-19T12:55:33Z,[Applause],343.72,5.88
pcVsfZHHE6Q,2024-11-19T12:55:33Z,soul when the city,345.56,4.04
pcVsfZHHE6Q,2024-11-19T12:55:33Z,Che when the storms are raging and,353.28,6.359
pcVsfZHHE6Q,2024-11-19T12:55:33Z,Shadows Fall we'll rise together and,356.199,6.921
pcVsfZHHE6Q,2024-11-19T12:55:33Z,bring the call with courage and laughter,359.639,6.4
pcVsfZHHE6Q,2024-11-19T12:55:33Z,hand in hand we stand for wi Spirit,363.12,4.479
pcVsfZHHE6Q,2024-11-19T12:55:33Z,flows through this,366.039,6.801
pcVsfZHHE6Q,2024-11-19T12:55:33Z,land oh win win you shine like a diamond,367.599,9.44
pcVsfZHHE6Q,2024-11-19T12:55:33Z,Bri a of Hope in the darkness night with,372.84,7.12
pcVsfZHHE6Q,2024-11-19T12:55:33Z,every heartbeat will carry you near in,377.039,7.891
pcVsfZHHE6Q,2024-11-19T12:55:33Z,the heart of better forever cheer oh,379.96,8.039
pcVsfZHHE6Q,2024-11-19T12:55:33Z,[Music],384.93,3.069
pcVsfZHHE6Q,2024-11-19T12:55:33Z,100.7 The River Sunny Raven Court your,390.12,5.799
pcVsfZHHE6Q,2024-11-19T12:55:33Z,DriveTime radio friend that was the,392.759,6.801
pcVsfZHHE6Q,2024-11-19T12:55:33Z,spirit of Winstead by chaffo at number,395.919,6.601
pcVsfZHHE6Q,2024-11-19T12:55:33Z,nine on this DriveTime top 10 we've got,399.56,4.759
pcVsfZHHE6Q,2024-11-19T12:55:33Z,eight more before they let me out of,402.52,4.48
pcVsfZHHE6Q,2024-11-19T12:55:33Z,here so buckle up if you aren't already,404.319,4.521
pcVsfZHHE6Q,2024-11-19T12:55:33Z,speaking of which coming up at the,407.0,4.24
pcVsfZHHE6Q,2024-11-19T12:55:33Z,bottom of the hour we've got traffic,408.84,4.84
pcVsfZHHE6Q,2024-11-19T12:55:33Z,with Chad Carin who always makes sure,411.24,5.88
pcVsfZHHE6Q,2024-11-19T12:55:33Z,that your Caravan arrives safely with,413.68,5.12
pcVsfZHHE6Q,2024-11-19T12:55:33Z,most of the crates that you started out,417.12,5.32
pcVsfZHHE6Q,2024-11-19T12:55:33Z,with number eight is a groove by a band,418.8,6.679
pcVsfZHHE6Q,2024-11-19T12:55:33Z,called The rhythmics you're on the river,422.44,6.8
pcVsfZHHE6Q,2024-11-19T12:55:33Z,and this is Cash the warden cash leads,425.479,7.601
pcVsfZHHE6Q,2024-11-19T12:55:33Z,away through VAR last lands mapping the,429.24,6.12
pcVsfZHHE6Q,2024-11-19T12:55:33Z,way with steady,433.08,6.32
pcVsfZHHE6Q,2024-11-19T12:55:33Z,hands black talent's crew warden so,435.36,7.8
pcVsfZHHE6Q,2024-11-19T12:55:33Z,brave trading the new and treasures We,439.4,6.56
pcVsfZHHE6Q,2024-11-19T12:55:33Z,crave Adventure calls,443.16,6.84
pcVsfZHHE6Q,2024-11-19T12:55:33Z,loud under Skies,445.96,8.519
pcVsfZHHE6Q,2024-11-19T12:55:33Z,cash chant with fire in his,450.0,4.479
pcVsfZHHE6Q,2024-11-19T12:55:33Z,eyes INE we seek mountains so high with,460.0,7.96
pcVsfZHHE6Q,2024-11-19T12:55:33Z,every new Peak our Spirits,465.12,7.0
pcVsfZHHE6Q,2024-11-19T12:55:33Z,fly danger in our path we never turn,467.96,6.919
pcVsfZHHE6Q,2024-11-19T12:55:33Z,back cash clears the Wrath on the,472.12,7.479
pcVsfZHHE6Q,2024-11-19T12:55:33Z,treasure track adventure calls loud,474.879,6.801
pcVsfZHHE6Q,2024-11-19T12:55:33Z,under ver,479.599,7.56
pcVsfZHHE6Q,2024-11-19T12:55:33Z,Skies cash Champs C with fire in his,481.68,5.479
pcVsfZHHE6Q,2024-11-19T12:55:33Z,[Music],491.26,6.339
pcVsfZHHE6Q,2024-11-19T12:55:33Z,eyes black Tal's crew warden so brave,492.56,8.319
pcVsfZHHE6Q,2024-11-19T12:55:33Z,trading the new and treasures We,497.599,7.56
pcVsfZHHE6Q,2024-11-19T12:55:33Z,crave Adventure calls loud under their,500.879,8.801
pcVsfZHHE6Q,2024-11-19T12:55:33Z,Skies cash chance with fire in his eyes,505.159,8.76
pcVsfZHHE6Q,2024-11-19T12:55:33Z,hidden caves we seek mountains so high,509.68,7.32
pcVsfZHHE6Q,2024-11-19T12:55:33Z,with every new Peak our Spirits,513.919,7.24
pcVsfZHHE6Q,2024-11-19T12:55:33Z,fly danger in our path we never turn,517.0,6.919
pcVsfZHHE6Q,2024-11-19T12:55:33Z,back cash clears the Wrath on the,521.159,7.8
pcVsfZHHE6Q,2024-11-19T12:55:33Z,treasure track adventure calls loud,523.919,6.801
pcVsfZHHE6Q,2024-11-19T12:55:33Z,under,528.959,5.201
pcVsfZHHE6Q,2024-11-19T12:55:33Z,Skies cast chance proud with fire in his,530.72,6.44
pcVsfZHHE6Q,2024-11-19T12:55:33Z,eyes,534.16,3.0
pcVsfZHHE6Q,2024-11-19T12:55:33Z,[Music],540.28,3.24
pcVsfZHHE6Q,2024-11-19T12:55:33Z,100.7 The River don't let him tell you,544.88,3.6
pcVsfZHHE6Q,2024-11-19T12:55:33Z,that Sunny doesn't take care of you this,546.8,4.039
pcVsfZHHE6Q,2024-11-19T12:55:33Z,is a bonus track just leaving the top 10,548.48,5.76
pcVsfZHHE6Q,2024-11-19T12:55:33Z,it's obsidian with arith and JB strap in,550.839,5.491
pcVsfZHHE6Q,2024-11-19T12:55:33Z,metal heads it's time to,554.24,7.35
pcVsfZHHE6Q,2024-11-19T12:55:33Z,[Music],556.33,5.26
pcVsfZHHE6Q,2024-11-19T12:55:33Z,[Applause],561.65,4.27
pcVsfZHHE6Q,2024-11-19T12:55:33Z,shred,563.88,8.0
pcVsfZHHE6Q,2024-11-19T12:55:33Z,my light B shuts here in the night Ste,565.92,9.68
pcVsfZHHE6Q,2024-11-19T12:55:33Z,Clash by the RS power the graes screams,571.88,5.88
pcVsfZHHE6Q,2024-11-19T12:55:33Z,on the fall s,575.6,2.63
pcVsfZHHE6Q,2024-11-19T12:55:33Z,[Applause],577.76,1.88
pcVsfZHHE6Q,2024-11-19T12:55:33Z,[Music],578.23,3.57
pcVsfZHHE6Q,2024-11-19T12:55:33Z,SL under,579.64,5.48
pcVsfZHHE6Q,2024-11-19T12:55:33Z,the protect feing,581.8,6.12
pcVsfZHHE6Q,2024-11-19T12:55:33Z,the blood,585.12,9.88
pcVsfZHHE6Q,2024-11-19T12:55:33Z,power SC up fall Soul SL these under the,587.92,13.07
pcVsfZHHE6Q,2024-11-19T12:55:33Z,rain War more protected Fe in the night,595.0,9.139
pcVsfZHHE6Q,2024-11-19T12:55:33Z,[Music],600.99,3.149
pcVsfZHHE6Q,2024-11-19T12:55:33Z,hero,604.68,4.56
pcVsfZHHE6Q,2024-11-19T12:55:33Z,[Music],606.15,6.369
pcVsfZHHE6Q,2024-11-19T12:55:33Z,of the,609.24,3.279
pcVsfZHHE6Q,2024-11-19T12:55:33Z,night,612.72,4.48
pcVsfZHHE6Q,2024-11-19T12:55:33Z,power,614.959,4.961
pcVsfZHHE6Q,2024-11-19T12:55:33Z,Victory the,617.2,6.6
pcVsfZHHE6Q,2024-11-19T12:55:33Z,sound shadows in the,619.92,6.88
pcVsfZHHE6Q,2024-11-19T12:55:33Z,unleashing,623.8,3.0
pcVsfZHHE6Q,2024-11-19T12:55:33Z,the F feel tight,626.92,9.039
pcVsfZHHE6Q,2024-11-19T12:55:33Z,one more life into fight of,629.92,6.039
pcVsfZHHE6Q,2024-11-19T12:55:33Z,fed my H forever,636.16,4.44
pcVsfZHHE6Q,2024-11-19T12:55:33Z,SW to the they,642.68,5.56
pcVsfZHHE6Q,2024-11-19T12:55:33Z,shall TR,645.88,4.24
pcVsfZHHE6Q,2024-11-19T12:55:33Z,Ro,648.24,6.32
pcVsfZHHE6Q,2024-11-19T12:55:33Z,louding through the battlefield shr here,650.12,9.32
pcVsfZHHE6Q,2024-11-19T12:55:33Z,stand in bloody Glory liting her rless,654.56,6.37
pcVsfZHHE6Q,2024-11-19T12:55:33Z,St,659.44,13.84
pcVsfZHHE6Q,2024-11-19T12:55:33Z,[Music],660.93,15.58
pcVsfZHHE6Q,2024-11-19T12:55:33Z,[Applause],673.28,3.23
pcVsfZHHE6Q,2024-11-19T12:55:33Z,[Music],678.63,3.11
pcVsfZHHE6Q,2024-11-19T12:55:33Z,[Applause],683.37,8.52
pcVsfZHHE6Q,2024-11-19T12:55:33Z,[Music],686.47,5.42
pcVsfZHHE6Q,2024-11-19T12:55:33Z,hero of fight Z he spread conquer the,692.36,10.599
pcVsfZHHE6Q,2024-11-19T12:55:33Z,night tent power of,698.16,7.4
pcVsfZHHE6Q,2024-11-19T12:55:33Z,ground Victory,702.959,5.481
pcVsfZHHE6Q,2024-11-19T12:55:33Z,scams Relentless,705.56,8.44
pcVsfZHHE6Q,2024-11-19T12:55:33Z,s trouble shadows in the path unleash,708.44,9.88
pcVsfZHHE6Q,2024-11-19T12:55:33Z,Fury black to,714.0,4.32
pcVsfZHHE6Q,2024-11-19T12:55:33Z,pillow of fight,720.68,7.719
pcVsfZHHE6Q,2024-11-19T12:55:33Z,jier friend conquer the night black T,723.12,7.76
pcVsfZHHE6Q,2024-11-19T12:55:33Z,power look on,728.399,4.641
pcVsfZHHE6Q,2024-11-19T12:55:33Z,cloud Victory,730.88,5.079
pcVsfZHHE6Q,2024-11-19T12:55:33Z,SS Relentless,733.04,7.76
pcVsfZHHE6Q,2024-11-19T12:55:33Z,sound treble shadows in the,735.959,6.361
pcVsfZHHE6Q,2024-11-19T12:55:33Z,I'm,740.8,6.56
pcVsfZHHE6Q,2024-11-19T12:55:33Z,the chain of Fate rusted and torn now my,742.32,8.74
pcVsfZHHE6Q,2024-11-19T12:55:33Z,honor forever swor,747.36,4.839
pcVsfZHHE6Q,2024-11-19T12:55:33Z,[Music],751.06,5.579
pcVsfZHHE6Q,2024-11-19T12:55:33Z,death pain through theage they,752.199,7.361
pcVsfZHHE6Q,2024-11-19T12:55:33Z,shall Ro,756.639,6.44
pcVsfZHHE6Q,2024-11-19T12:55:33Z,at piering through the,759.56,7.16
pcVsfZHHE6Q,2024-11-19T12:55:33Z,battlefield her blood,763.079,8.401
pcVsfZHHE6Q,2024-11-19T12:55:33Z,glorying rless they shall,766.72,4.76
pcVsfZHHE6Q,2024-11-19T12:55:33Z,remain new AA shreds with,771.519,4.88
pcVsfZHHE6Q,2024-11-19T12:55:33Z,100.7 The River tired of Little Critters,776.839,5.961
pcVsfZHHE6Q,2024-11-19T12:55:33Z,with big razor sharp teeth chewing,780.639,5.0
pcVsfZHHE6Q,2024-11-19T12:55:33Z,through your peace of mind you need Grim,782.8,5.44
pcVsfZHHE6Q,2024-11-19T12:55:33Z,Pest Control whether they're gnawing,785.639,5.601
pcVsfZHHE6Q,2024-11-19T12:55:33Z,through your crops terrorizing your pets,788.24,6.399
pcVsfZHHE6Q,2024-11-19T12:55:33Z,or just giving you that unsettling grin,791.24,5.8
pcVsfZHHE6Q,2024-11-19T12:55:33Z,south of lion hold we're here to put,794.639,5.481
pcVsfZHHE6Q,2024-11-19T12:55:33Z,those tiny terrors in their place our,797.04,5.479
pcVsfZHHE6Q,2024-11-19T12:55:33Z,certified Grim Slayers use the latest,800.12,4.079
pcVsfZHHE6Q,2024-11-19T12:55:33Z,and high powerered ethically,802.519,3.601
pcVsfZHHE6Q,2024-11-19T12:55:33Z,questionable techniques to ensure your,804.199,4.0
pcVsfZHHE6Q,2024-11-19T12:55:33Z,home stays free of these sneaky little,806.12,5.44
pcVsfZHHE6Q,2024-11-19T12:55:33Z,nightmares Grim pest control because no,808.199,6.44
pcVsfZHHE6Q,2024-11-19T12:55:33Z,one deserves a grim infestation except,811.56,5.68
pcVsfZHHE6Q,2024-11-19T12:55:33Z,maybe your in-laws Grim Pest Control is,814.639,4.0
pcVsfZHHE6Q,2024-11-19T12:55:33Z,not responsible for accidental swamp,817.24,2.52
pcVsfZHHE6Q,2024-11-19T12:55:33Z,fires or unintentional breeding of,818.639,3.111
pcVsfZHHE6Q,2024-11-19T12:55:33Z,aggressive Grim varieties call,819.76,3.72
pcVsfZHHE6Q,2024-11-19T12:55:33Z,[Music],821.75,4.57
pcVsfZHHE6Q,2024-11-19T12:55:33Z,today,823.48,5.22
pcVsfZHHE6Q,2024-11-19T12:55:33Z,100.7 The,826.32,5.8
pcVsfZHHE6Q,2024-11-19T12:55:33Z,[Music],828.7,7.62
pcVsfZHHE6Q,2024-11-19T12:55:33Z,River I drink two cups and N I drink two,832.12,8.76
pcVsfZHHE6Q,2024-11-19T12:55:33Z,cups in the to makes me feel all right,836.32,7.6
pcVsfZHHE6Q,2024-11-19T12:55:33Z,I'll drink two cups and thatle cease and,840.88,6.759
pcVsfZHHE6Q,2024-11-19T12:55:33Z,two and are near I'll drink two cups I,843.92,6.68
pcVsfZHHE6Q,2024-11-19T12:55:33Z,drink two cups and then I drink two more,847.639,8.281
pcVsfZHHE6Q,2024-11-19T12:55:33Z,theug is always full the so and warm in,850.6,9.039
pcVsfZHHE6Q,2024-11-19T12:55:33Z,the quiet morning hours or in the midst,855.92,5.039
pcVsfZHHE6Q,2024-11-19T12:55:33Z,of,859.639,5.041
pcVsfZHHE6Q,2024-11-19T12:55:33Z,storm tails and Hearty cheer I SI the,860.959,7.081
pcVsfZHHE6Q,2024-11-19T12:55:33Z,potion deep my friends while you down,864.68,6.36
pcVsfZHHE6Q,2024-11-19T12:55:33Z,air and,868.04,3.0
pcVsfZHHE6Q,2024-11-19T12:55:33Z,the knows my theat cheer me on with,871.959,7.24
pcVsfZHHE6Q,2024-11-19T12:55:33Z,every,877.56,6.8
pcVsfZHHE6Q,2024-11-19T12:55:33Z,mys all my are gone in this old,879.199,7.601
pcVsfZHHE6Q,2024-11-19T12:55:33Z,wooden flicker,884.36,6.12
pcVsfZHHE6Q,2024-11-19T12:55:33Z,LS I drink two CS before I drinks and,886.8,6.0
pcVsfZHHE6Q,2024-11-19T12:55:33Z,then I all,890.48,8.24
pcVsfZHHE6Q,2024-11-19T12:55:33Z,night the adventur leader of the Wen bra,892.8,10.279
pcVsfZHHE6Q,2024-11-19T12:55:33Z,venture forth in walls the land he will,898.72,9.52
pcVsfZHHE6Q,2024-11-19T12:55:33Z,save sunny at the markets deals,903.079,8.56
pcVsfZHHE6Q,2024-11-19T12:55:33Z,gold direct,908.24,5.88
pcVsfZHHE6Q,2024-11-19T12:55:33Z,ofy,911.639,4.681
pcVsfZHHE6Q,2024-11-19T12:55:33Z,story The,914.12,5.36
pcVsfZHHE6Q,2024-11-19T12:55:33Z,Fierce trains for,916.32,5.12
pcVsfZHHE6Q,2024-11-19T12:55:33Z,batt,919.48,5.919
pcVsfZHHE6Q,2024-11-19T12:55:33Z,theion with a mighty sword in hand,921.44,9.24
pcVsfZHHE6Q,2024-11-19T12:55:33Z,together they Legends in F fans with,925.399,6.68
pcVsfZHHE6Q,2024-11-19T12:55:33Z,coffee,930.68,6.2
pcVsfZHHE6Q,2024-11-19T12:55:33Z,fuel they take the daring St drink cups,932.079,8.801
pcVsfZHHE6Q,2024-11-19T12:55:33Z,in the morning I drink two cups at night,936.88,6.12
pcVsfZHHE6Q,2024-11-19T12:55:33Z,I drink two cups in,940.88,5.84
pcVsfZHHE6Q,2024-11-19T12:55:33Z,theow makes me feel all right I drink,943.0,5.079
pcVsfZHHE6Q,2024-11-19T12:55:33Z,two,946.72,3.84
pcVsfZHHE6Q,2024-11-19T12:55:33Z,Cs and,948.079,5.521
pcVsfZHHE6Q,2024-11-19T12:55:33Z,two I drink two cups for I drink two,950.56,6.24
pcVsfZHHE6Q,2024-11-19T12:55:33Z,cups and then I drink two more theug is,953.6,7.64
pcVsfZHHE6Q,2024-11-19T12:55:33Z,always full the bru so dark and warm in,956.8,8.159
pcVsfZHHE6Q,2024-11-19T12:55:33Z,the quiet morning hours or in the midst,961.24,4.519
pcVsfZHHE6Q,2024-11-19T12:55:33Z,of,964.959,6.841
pcVsfZHHE6Q,2024-11-19T12:55:33Z,storm laugh tals and each I thetion deep,965.759,10.44
pcVsfZHHE6Q,2024-11-19T12:55:33Z,my friend while you down,971.8,4.399
pcVsfZHHE6Q,2024-11-19T12:55:33Z,and the knows myit theat cheer me on,976.279,9.68
pcVsfZHHE6Q,2024-11-19T12:55:33Z,with every my spirit livs so all my,982.6,8.08
pcVsfZHHE6Q,2024-11-19T12:55:33Z,walls are gone in this old in t with,985.959,7.961
pcVsfZHHE6Q,2024-11-19T12:55:33Z,flickering lanterns bright I drink two,990.68,5.399
pcVsfZHHE6Q,2024-11-19T12:55:33Z,cups before I drink two cups and then I,993.92,3.34
pcVsfZHHE6Q,2024-11-19T12:55:33Z,drink,996.079,6.411
pcVsfZHHE6Q,2024-11-19T12:55:33Z,[Music],997.26,5.23
pcVsfZHHE6Q,2024-11-19T12:55:33Z,all that,1004.759,4.961
pcVsfZHHE6Q,2024-11-19T12:55:33Z,in,1008.16,7.159
pcVsfZHHE6Q,2024-11-19T12:55:33Z,in's Ence where Legends alive I raise my,1009.72,8.559
pcVsfZHHE6Q,2024-11-19T12:55:33Z,mug and start my quest withing to,1015.319,3.571
pcVsfZHHE6Q,2024-11-19T12:55:33Z,survive,1018.279,21.82
pcVsfZHHE6Q,2024-11-19T12:55:33Z,[Music],1018.89,21.209
pcVsfZHHE6Q,2024-11-19T12:55:33Z,that's the unmistakable voice of Chrissy,1040.319,5.48
pcVsfZHHE6Q,2024-11-19T12:55:33Z,leaf and the tiki torches Sunny Raven,1042.88,5.12
pcVsfZHHE6Q,2024-11-19T12:55:33Z,Court your DriveTime radio friend,1045.799,4.841
pcVsfZHHE6Q,2024-11-19T12:55:33Z,bringing you the top 10 the torch has,1048.0,4.919
pcVsfZHHE6Q,2024-11-19T12:55:33Z,landed at number seven but don't you,1050.64,4.279
pcVsfZHHE6Q,2024-11-19T12:55:33Z,forget about Chrissy I have a feeling,1052.919,3.801
pcVsfZHHE6Q,2024-11-19T12:55:33Z,that we're going to see her again later,1054.919,4.521
pcVsfZHHE6Q,2024-11-19T12:55:33Z,on down the road and it wouldn't be a,1056.72,5.56
pcVsfZHHE6Q,2024-11-19T12:55:33Z,DriveTime top 10 if we weren't getting,1059.44,5.84
pcVsfZHHE6Q,2024-11-19T12:55:33Z,the traffic from our over caffeinated,1062.28,6.279
pcVsfZHHE6Q,2024-11-19T12:55:33Z,and underpaid traveler Chad,1065.28,6.639
pcVsfZHHE6Q,2024-11-19T12:55:33Z,Carin now with your 100.7 The River,1068.559,6.24
pcVsfZHHE6Q,2024-11-19T12:55:33Z,traffic report here's Chad,1071.919,6.041
pcVsfZHHE6Q,2024-11-19T12:55:33Z,Carin ah happy PSL season Travelers,1074.799,4.961
pcVsfZHHE6Q,2024-11-19T12:55:33Z,welcome back to your Tuesday traffic,1077.96,4.36
pcVsfZHHE6Q,2024-11-19T12:55:33Z,report your trusted traffic junkie Chad,1079.76,5.6
pcVsfZHHE6Q,2024-11-19T12:55:33Z,Carin here we're still monitoring the,1082.32,4.839
pcVsfZHHE6Q,2024-11-19T12:55:33Z,stalled wagon just south of Winstead,1085.36,3.799
pcVsfZHHE6Q,2024-11-19T12:55:33Z,approaching ruins way that one was,1087.159,4.0
pcVsfZHHE6Q,2024-11-19T12:55:33Z,reported at the number one lane so look,1089.159,3.52
pcVsfZHHE6Q,2024-11-19T12:55:33Z,out for that one if you're headed down,1091.159,4.441
pcVsfZHHE6Q,2024-11-19T12:55:33Z,toward the Church of the S good news,1092.679,5.12
pcVsfZHHE6Q,2024-11-19T12:55:33Z,looks like green all the way west to,1095.6,4.72
pcVsfZHHE6Q,2024-11-19T12:55:33Z,joeva heading out of Winstead so that,1097.799,5.0
pcVsfZHHE6Q,2024-11-19T12:55:33Z,commute clocking into just under a day,1100.32,5.88
pcVsfZHHE6Q,2024-11-19T12:55:33Z,maybe two if you're hauling wood now by,1102.799,5.76
pcVsfZHHE6Q,2024-11-19T12:55:33Z,the 7 we are getting reports of a sigert,1106.2,4.92
pcVsfZHHE6Q,2024-11-19T12:55:33Z,we of Mir laugh at the Oak and Bane,1108.559,5.281
pcVsfZHHE6Q,2024-11-19T12:55:33Z,interchange apparently a three Caravan,1111.12,5.08
pcVsfZHHE6Q,2024-11-19T12:55:33Z,accident not a big deal except for the,1113.84,5.28
pcVsfZHHE6Q,2024-11-19T12:55:33Z,reports of 300 chickens running about,1116.2,5.68
pcVsfZHHE6Q,2024-11-19T12:55:33Z,the road there causing quite a stir,1119.12,5.08
pcVsfZHHE6Q,2024-11-19T12:55:33Z,emergency wagons have been dispatched,1121.88,3.76
pcVsfZHHE6Q,2024-11-19T12:55:33Z,and it looks like they'll be there in,1124.2,4.56
pcVsfZHHE6Q,2024-11-19T12:55:33Z,about a day and a half construction,1125.64,5.56
pcVsfZHHE6Q,2024-11-19T12:55:33Z,traffic reported North coming out of the,1128.76,5.24
pcVsfZHHE6Q,2024-11-19T12:55:33Z,Citadel area causing some red there I,1131.2,5.12
pcVsfZHHE6Q,2024-11-19T12:55:33Z,guess the new Winstead mayor finally got,1134.0,4.44
pcVsfZHHE6Q,2024-11-19T12:55:33Z,that revitalization project off the,1136.32,3.12
pcVsfZHHE6Q,2024-11-19T12:55:33Z,ground,1138.44,4.56
pcVsfZHHE6Q,2024-11-19T12:55:33Z,good for you instead now as always we're,1139.44,5.599
pcVsfZHHE6Q,2024-11-19T12:55:33Z,continuing with our Travel warnings in,1143.0,4.24
pcVsfZHHE6Q,2024-11-19T12:55:33Z,the Northeast near The Highwayman Hills,1145.039,4.321
pcVsfZHHE6Q,2024-11-19T12:55:33Z,due to continued reports of Caravan,1147.24,5.16
pcVsfZHHE6Q,2024-11-19T12:55:33Z,jackings in the area law enforcement,1149.36,5.0
pcVsfZHHE6Q,2024-11-19T12:55:33Z,does have surveillance units in the,1152.4,4.159
pcVsfZHHE6Q,2024-11-19T12:55:33Z,vicinity but due to the untimely death,1154.36,4.679
pcVsfZHHE6Q,2024-11-19T12:55:33Z,of many officers in that area over the,1156.559,5.921
pcVsfZHHE6Q,2024-11-19T12:55:33Z,past week the Constable is reopening,1159.039,5.361
pcVsfZHHE6Q,2024-11-19T12:55:33Z,Recruitment and speaking of that,1162.48,3.679
pcVsfZHHE6Q,2024-11-19T12:55:33Z,recruitment if you're interested in a,1164.4,4.0
pcVsfZHHE6Q,2024-11-19T12:55:33Z,lucrative career as a riverlands county,1166.159,7.481
pcVsfZHHE6Q,2024-11-19T12:55:33Z,cons IAL Deputy 10.7 the river the river,1168.4,7.159
pcVsfZHHE6Q,2024-11-19T12:55:33Z,has partnered with local authorities to,1173.64,4.96
pcVsfZHHE6Q,2024-11-19T12:55:33Z,host a recruitment drive this Thursday,1175.559,6.281
pcVsfZHHE6Q,2024-11-19T12:55:33Z,at the flag and wagon Tavern in houseon,1178.6,5.64
pcVsfZHHE6Q,2024-11-19T12:55:33Z,where you can grab an ale and your new,1181.84,4.76
pcVsfZHHE6Q,2024-11-19T12:55:33Z,badge as a law enforcement officer,1184.24,4.6
pcVsfZHHE6Q,2024-11-19T12:55:33Z,survival rates and life expectancy is,1186.6,4.76
pcVsfZHHE6Q,2024-11-19T12:55:33Z,growing by the day despite some fake,1188.84,6.079
pcVsfZHHE6Q,2024-11-19T12:55:33Z,news out there so start your new career,1191.36,6.92
pcVsfZHHE6Q,2024-11-19T12:55:33Z,today and that does it for your 100.7,1194.919,5.481
pcVsfZHHE6Q,2024-11-19T12:55:33Z,The River traffic report on this Gloomy,1198.28,5.48
pcVsfZHHE6Q,2024-11-19T12:55:33Z,Tuesday in South Vera you stay on four,1200.4,6.04
pcVsfZHHE6Q,2024-11-19T12:55:33Z,Wagon Wheels now riverlands will catch,1203.76,5.399
pcVsfZHHE6Q,2024-11-19T12:55:33Z,you at the top of the hour Chad Carin,1206.44,5.41
pcVsfZHHE6Q,2024-11-19T12:55:33Z,here signing,1209.159,6.981
pcVsfZHHE6Q,2024-11-19T12:55:33Z,[Music],1211.85,4.29
pcVsfZHHE6Q,2024-11-19T12:55:33Z,off calls as the Phoenix fires awaken B,1222.039,6.76
pcVsfZHHE6Q,2024-11-19T12:55:33Z,my Essence a spark renewed and taken The,1225.64,6.0
pcVsfZHHE6Q,2024-11-19T12:55:33Z,Echoes of our light turn darkness is a,1228.799,5.321
pcVsfZHHE6Q,2024-11-19T12:55:33Z,flame through death's hold We rise again,1231.64,4.919
pcVsfZHHE6Q,2024-11-19T12:55:33Z,with the black Town Fierce and bold,1234.12,6.16
pcVsfZHHE6Q,2024-11-19T12:55:33Z,capitals while wens Ro the land for,1236.559,5.801
pcVsfZHHE6Q,2024-11-19T12:55:33Z,stand guard with steel in,1240.28,6.879
pcVsfZHHE6Q,2024-11-19T12:55:33Z,hand Su and with legs in our,1242.36,8.28
pcVsfZHHE6Q,2024-11-19T12:55:33Z,stri against those who see our freedom,1247.159,8.76
pcVsfZHHE6Q,2024-11-19T12:55:33Z,Den remove the chain of ab solution let,1250.64,8.88
pcVsfZHHE6Q,2024-11-19T12:55:33Z,Justice FL like ret,1255.919,9.361
pcVsfZHHE6Q,2024-11-19T12:55:33Z,the killon all the kones all and still,1259.52,9.159
pcVsfZHHE6Q,2024-11-19T12:55:33Z,build or make us fall through fire and,1265.28,6.879
pcVsfZHHE6Q,2024-11-19T12:55:33Z,Ash we'll take the night and breathe,1268.679,9.401
pcVsfZHHE6Q,2024-11-19T12:55:33Z,life into our fights until we take,1272.159,9.0
pcVsfZHHE6Q,2024-11-19T12:55:33Z,control the king who D in Golden Hall,1278.08,5.479
pcVsfZHHE6Q,2024-11-19T12:55:33Z,sees no to his dark walls but Freedom,1281.159,5.081
pcVsfZHHE6Q,2024-11-19T12:55:33Z,Spar can't be contained and in ARA we,1283.559,5.48
pcVsfZHHE6Q,2024-11-19T12:55:33Z,break the chains the god creation FS our,1286.24,7.76
pcVsfZHHE6Q,2024-11-19T12:55:33Z,soul we WE born a new we become whole we,1289.039,8.201
pcVsfZHHE6Q,2024-11-19T12:55:33Z,Born to Fight cap to,1294.0,9.36
pcVsfZHHE6Q,2024-11-19T12:55:33Z,Crow to the unknown below with un see a,1297.24,7.96
pcVsfZHHE6Q,2024-11-19T12:55:33Z,purpose forc in,1303.36,4.919
pcVsfZHHE6Q,2024-11-19T12:55:33Z,fire against those who train our resence,1305.2,7.359
pcVsfZHHE6Q,2024-11-19T12:55:33Z,our desire remove the crown of,1308.279,8.28
pcVsfZHHE6Q,2024-11-19T12:55:33Z,absolution let Justice FL like,1312.559,7.0
pcVsfZHHE6Q,2024-11-19T12:55:33Z,retribution that kills all,1316.559,7.041
pcVsfZHHE6Q,2024-11-19T12:55:33Z,the guilt all wordss and steel can build,1319.559,7.801
pcVsfZHHE6Q,2024-11-19T12:55:33Z,or make us fall through fight and fight,1323.6,7.679
pcVsfZHHE6Q,2024-11-19T12:55:33Z,we answer the call with Phoenix might,1327.36,8.76
pcVsfZHHE6Q,2024-11-19T12:55:33Z,will St our clim and Rise Again from the,1331.279,10.0
pcVsfZHHE6Q,2024-11-19T12:55:33Z,Flames they try to take the to be they,1336.12,8.64
pcVsfZHHE6Q,2024-11-19T12:55:33Z,try to Shackle the Ence in me but the,1341.279,7.681
pcVsfZHHE6Q,2024-11-19T12:55:33Z,sun still rises the spark still Burns in,1344.76,8.159
pcVsfZHHE6Q,2024-11-19T12:55:33Z,every soul the Phoenix res will'll take,1348.96,7.68
pcVsfZHHE6Q,2024-11-19T12:55:33Z,to the skies we'll break their hes in,1352.919,8.36
pcVsfZHHE6Q,2024-11-19T12:55:33Z,Bear us heart our stories told bound to,1356.64,9.56
pcVsfZHHE6Q,2024-11-19T12:55:33Z,each other United and true we rise a new,1361.279,9.321
pcVsfZHHE6Q,2024-11-19T12:55:33Z,We rise a new remove the chains of,1366.2,8.359
pcVsfZHHE6Q,2024-11-19T12:55:33Z,absolution let Justice flow like,1370.6,5.959
pcVsfZHHE6Q,2024-11-19T12:55:33Z,retribution that,1374.559,6.521
pcVsfZHHE6Q,2024-11-19T12:55:33Z,kills that kills all all ones and steel,1376.559,7.801
pcVsfZHHE6Q,2024-11-19T12:55:33Z,can build or make us fall through fire,1381.08,8.32
pcVsfZHHE6Q,2024-11-19T12:55:33Z,and dash we'll take the night and,1384.36,7.76
pcVsfZHHE6Q,2024-11-19T12:55:33Z,life the,1389.4,6.759
pcVsfZHHE6Q,2024-11-19T12:55:33Z,night about down me and kiss the,1392.12,6.64
pcVsfZHHE6Q,2024-11-19T12:55:33Z,ground until it's safe to breathe and,1396.159,5.201
pcVsfZHHE6Q,2024-11-19T12:55:33Z,stand on ground and there is life will,1398.76,6.12
pcVsfZHHE6Q,2024-11-19T12:55:33Z,coexist again the black T stands Through,1401.36,5.199
pcVsfZHHE6Q,2024-11-19T12:55:33Z,Fire and,1404.88,6.32
pcVsfZHHE6Q,2024-11-19T12:55:33Z,pain they taking way the freedom to be,1406.559,7.561
pcVsfZHHE6Q,2024-11-19T12:55:33Z,just you but we stand as,1411.2,6.599
pcVsfZHHE6Q,2024-11-19T12:55:33Z,one and true they try to take the,1414.12,7.559
pcVsfZHHE6Q,2024-11-19T12:55:33Z,freedom to be just you but the phix,1417.799,8.321
pcVsfZHHE6Q,2024-11-19T12:55:33Z,Rises our souls renew,1421.679,4.441
pcVsfZHHE6Q,2024-11-19T12:55:33Z,[Applause],1426.62,10.09
pcVsfZHHE6Q,2024-11-19T12:55:33Z,[Music],1428.9,10.58
pcVsfZHHE6Q,2024-11-19T12:55:33Z,[Applause],1436.71,5.77
pcVsfZHHE6Q,2024-11-19T12:55:33Z,100.7 The River that is Wolf nail with,1439.48,5.36
pcVsfZHHE6Q,2024-11-19T12:55:33Z,Phoenix checking in at number six on the,1442.48,4.6
pcVsfZHHE6Q,2024-11-19T12:55:33Z,DriveTime top 10 Sunny Raven Court here,1444.84,4.92
pcVsfZHHE6Q,2024-11-19T12:55:33Z,your DriveTime radio friend we've got,1447.08,5.28
pcVsfZHHE6Q,2024-11-19T12:55:33Z,five more and another bonus track to,1449.76,5.44
pcVsfZHHE6Q,2024-11-19T12:55:33Z,spin for you before we're done what a,1452.36,5.559
pcVsfZHHE6Q,2024-11-19T12:55:33Z,job can you believe they pay me for this,1455.2,4.719
pcVsfZHHE6Q,2024-11-19T12:55:33Z,I mean I stepped out of the portal just,1457.919,4.161
pcVsfZHHE6Q,2024-11-19T12:55:33Z,like the rest of you an unemployed voice,1459.919,4.24
pcVsfZHHE6Q,2024-11-19T12:55:33Z,ready to bring the riverlands some great,1462.08,5.599
pcVsfZHHE6Q,2024-11-19T12:55:33Z,music and here I am your Drive Time,1464.159,6.161
pcVsfZHHE6Q,2024-11-19T12:55:33Z,radio friend and let me tell you the top,1467.679,5.36
pcVsfZHHE6Q,2024-11-19T12:55:33Z,five has some bangers in it all that and,1470.32,4.44
pcVsfZHHE6Q,2024-11-19T12:55:33Z,the weather from the riverlands most,1473.039,5.12
pcVsfZHHE6Q,2024-11-19T12:55:33Z,adventurous weatherman Bob rle right,1474.76,5.519
pcVsfZHHE6Q,2024-11-19T12:55:33Z,after this brief commercial break you're,1478.159,5.4
pcVsfZHHE6Q,2024-11-19T12:55:33Z,listening to 100.7 The,1480.279,6.601
pcVsfZHHE6Q,2024-11-19T12:55:33Z,River tired of basic hot dogs then get,1483.559,6.681
pcVsfZHHE6Q,2024-11-19T12:55:33Z,your mouth around a dagal dog M yummy,1486.88,6.159
pcVsfZHHE6Q,2024-11-19T12:55:33Z,yummy made from only the finest mystery,1490.24,5.76
pcVsfZHHE6Q,2024-11-19T12:55:33Z,meets imported from undisclosed,1493.039,5.161
pcVsfZHHE6Q,2024-11-19T12:55:33Z,locations may I take your order here I,1496.0,4.279
pcVsfZHHE6Q,2024-11-19T12:55:33Z,take dagal Dogs We believe that taste,1498.2,4.359
pcVsfZHHE6Q,2024-11-19T12:55:33Z,shouldn't have limits and neither should,1500.279,5.76
pcVsfZHHE6Q,2024-11-19T12:55:33Z,the FDA what with our extra long daral,1502.559,6.0
pcVsfZHHE6Q,2024-11-19T12:55:33Z,Dragon chili dog and the Mega Meat,1506.039,5.52
pcVsfZHHE6Q,2024-11-19T12:55:33Z,Fusion you'll be asking is this even,1508.559,6.0
pcVsfZHHE6Q,2024-11-19T12:55:33Z,legal well probably,1511.559,6.12
pcVsfZHHE6Q,2024-11-19T12:55:33Z,not so what are you waiting for come on,1514.559,6.36
pcVsfZHHE6Q,2024-11-19T12:55:33Z,down to dagal dogs the more you eat the,1517.679,5.6
pcVsfZHHE6Q,2024-11-19T12:55:33Z,less you'll want to know warning dereal,1520.919,3.561
pcVsfZHHE6Q,2024-11-19T12:55:33Z,dogs may cause side effects like extreme,1523.279,2.441
pcVsfZHHE6Q,2024-11-19T12:55:33Z,satisfaction and questionable decisions,1524.48,4.96
pcVsfZHHE6Q,2024-11-19T12:55:33Z,we won't judge you if you don't,1525.72,3.72
pcVsfZHHE6Q,2024-11-19T12:55:33Z,Jova parties with,1529.72,6.1
pcVsfZHHE6Q,2024-11-19T12:55:33Z,100.7 The,1533.159,16.88
pcVsfZHHE6Q,2024-11-19T12:55:33Z,[Music],1535.82,17.82
pcVsfZHHE6Q,2024-11-19T12:55:33Z,River yeah we got the war out on the mo,1550.039,6.281
pcVsfZHHE6Q,2024-11-19T12:55:33Z,Rivers lands the groove with the TR the,1553.64,5.32
pcVsfZHHE6Q,2024-11-19T12:55:33Z,blast and it sack so fine the TR making,1556.32,5.64
pcVsfZHHE6Q,2024-11-19T12:55:33Z,that map shot r l they scared to ro with,1558.96,6.4
pcVsfZHHE6Q,2024-11-19T12:55:33Z,in their heart feeling,1561.96,3.4
pcVsfZHHE6Q,2024-11-19T12:55:33Z,home yeah they see the sunrise and they,1566.0,4.279
pcVsfZHHE6Q,2024-11-19T12:55:33Z,Li till it,1568.96,4.12
pcVsfZHHE6Q,2024-11-19T12:55:33Z,sets with every step they take no one,1570.279,3.961
pcVsfZHHE6Q,2024-11-19T12:55:33Z,ever,1573.08,6.599
pcVsfZHHE6Q,2024-11-19T12:55:33Z,regrets hey W those horns it up from d,1574.24,8.08
pcVsfZHHE6Q,2024-11-19T12:55:33Z,with the so tight and be so clear the of,1579.679,6.72
pcVsfZHHE6Q,2024-11-19T12:55:33Z,the W bring it here,1582.32,4.079
pcVsfZHHE6Q,2024-11-19T12:55:33Z,yeah navigating rap through the Lush,1591.08,4.04
pcVsfZHHE6Q,2024-11-19T12:55:33Z,cream maze they hustle and musle in so,1593.159,3.76
pcVsfZHHE6Q,2024-11-19T12:55:33Z,many ways mapping up the secrets every,1595.12,3.159
pcVsfZHHE6Q,2024-11-19T12:55:33Z,Twist and Turn collecting tales and,1596.919,3.561
pcVsfZHHE6Q,2024-11-19T12:55:33Z,treasures all the things they learn on a,1598.279,3.88
pcVsfZHHE6Q,2024-11-19T12:55:33Z,dance let's Feel The Beat the warden on,1600.48,3.679
pcVsfZHHE6Q,2024-11-19T12:55:33Z,the case move Swift and with the flash,1602.159,4.161
pcVsfZHHE6Q,2024-11-19T12:55:33Z,of brass a beat so true they're Ching up,1604.159,4.841
pcVsfZHHE6Q,2024-11-19T12:55:33Z,the riv breaking on through got like you,1606.32,6.44
pcVsfZHHE6Q,2024-11-19T12:55:33Z,never seen the Ving in the GRE in hand,1609.0,5.96
pcVsfZHHE6Q,2024-11-19T12:55:33Z,skill so Grand expor the lands are in,1612.76,5.2
pcVsfZHHE6Q,2024-11-19T12:55:33Z,command,1614.96,3.0
pcVsfZHHE6Q,2024-11-19T12:55:33Z,[Music],1631.24,13.589
pcVsfZHHE6Q,2024-11-19T12:55:33Z,yeah oh yeah I got a like you've never,1645.76,6.96
pcVsfZHHE6Q,2024-11-19T12:55:33Z,seen Bing in the burning shots in hand,1649.24,7.679
pcVsfZHHE6Q,2024-11-19T12:55:33Z,skills so Grand exploring the land ring,1652.72,4.199
pcVsfZHHE6Q,2024-11-19T12:55:33Z,command yeah 100.7 The River that's,1670.039,5.24
pcVsfZHHE6Q,2024-11-19T12:55:33Z,warden's groove by wheeler pick at,1672.84,4.52
pcVsfZHHE6Q,2024-11-19T12:55:33Z,number five Sunny Raven court and it,1675.279,3.52
pcVsfZHHE6Q,2024-11-19T12:55:33Z,would not be,1677.36,4.039
pcVsfZHHE6Q,2024-11-19T12:55:33Z,a drive time top 10 without a visit from,1678.799,5.12
pcVsfZHHE6Q,2024-11-19T12:55:33Z,the riverlands most adventurous,1681.399,4.921
pcVsfZHHE6Q,2024-11-19T12:55:33Z,weatherman Bob rle,1683.919,5.401
pcVsfZHHE6Q,2024-11-19T12:55:33Z,Bob now for the,1686.32,5.599
pcVsfZHHE6Q,2024-11-19T12:55:33Z,weather Bob rle here in what is shaving,1689.32,5.479
pcVsfZHHE6Q,2024-11-19T12:55:33Z,up to be one of the largest rainstorms,1691.919,5.321
pcVsfZHHE6Q,2024-11-19T12:55:33Z,this side of the riverlands folks we've,1694.799,4.88
pcVsfZHHE6Q,2024-11-19T12:55:33Z,already seen 10 in since just this,1697.24,5.12
pcVsfZHHE6Q,2024-11-19T12:55:33Z,morning at the bay just south of the Ala,1699.679,4.72
pcVsfZHHE6Q,2024-11-19T12:55:33Z,ruins and the,1702.36,5.24
pcVsfZHHE6Q,2024-11-19T12:55:33Z,wind the winds are picking up heavily,1704.399,6.201
pcVsfZHHE6Q,2024-11-19T12:55:33Z,here I'm watching a large cargo vessel,1707.6,5.679
pcVsfZHHE6Q,2024-11-19T12:55:33Z,rocking back and forth in the bay the,1710.6,4.84
pcVsfZHHE6Q,2024-11-19T12:55:33Z,waves are just rocking this ship like,1713.279,5.12
pcVsfZHHE6Q,2024-11-19T12:55:33Z,it's two MOX play toy oh folks I think,1715.44,4.16
pcVsfZHHE6Q,2024-11-19T12:55:33Z,it goes without saying we're going to,1718.399,3.321
pcVsfZHHE6Q,2024-11-19T12:55:33Z,see rain for the immediate future out,1719.6,4.16
pcVsfZHHE6Q,2024-11-19T12:55:33Z,here in the riverlands here's the hoping,1721.72,4.839
pcVsfZHHE6Q,2024-11-19T12:55:33Z,we see that season change here s what is,1723.76,6.759
pcVsfZHHE6Q,2024-11-19T12:55:33Z,that what Craig what are you pointing,1726.559,6.84
pcVsfZHHE6Q,2024-11-19T12:55:33Z,at I I don't know how else to describe,1730.519,5.721
pcVsfZHHE6Q,2024-11-19T12:55:33Z,this folks but there is a large scratch,1733.399,5.52
pcVsfZHHE6Q,2024-11-19T12:55:33Z,that mountainous wave forming just,1736.24,4.64
pcVsfZHHE6Q,2024-11-19T12:55:33Z,outside the bay and it's heading right,1738.919,4.081
pcVsfZHHE6Q,2024-11-19T12:55:33Z,at the shipping,1740.88,7.679
pcVsfZHHE6Q,2024-11-19T12:55:33Z,vessel what the is that F folks we have,1743.0,8.6
pcVsfZHHE6Q,2024-11-19T12:55:33Z,a large squid very large squid that's,1748.559,4.84
pcVsfZHHE6Q,2024-11-19T12:55:33Z,bur through the water and latched his,1751.6,4.679
pcVsfZHHE6Q,2024-11-19T12:55:33Z,tentacles around the shipping,1753.399,6.16
pcVsfZHHE6Q,2024-11-19T12:55:33Z,vessel I thought they didn't exist by,1756.279,5.481
pcVsfZHHE6Q,2024-11-19T12:55:33Z,the goddess herself it's now wrapping,1759.559,4.801
pcVsfZHHE6Q,2024-11-19T12:55:33Z,its massive tentacles around the mass of,1761.76,3.72
pcVsfZHHE6Q,2024-11-19T12:55:33Z,the,1764.36,4.679
pcVsfZHHE6Q,2024-11-19T12:55:33Z,ship this is incredible with a story as,1765.48,5.12
pcVsfZHHE6Q,2024-11-19T12:55:33Z,hot as this folks don't forget to try,1769.039,4.081
pcVsfZHHE6Q,2024-11-19T12:55:33Z,today's weather checkin sponsor daral,1770.6,5.199
pcVsfZHHE6Q,2024-11-19T12:55:33Z,dogs hot rolls of meat guaranteed to,1773.12,6.96
pcVsfZHHE6Q,2024-11-19T12:55:33Z,make you as Lively as the dagal Estates,1775.799,6.76
pcVsfZHHE6Q,2024-11-19T12:55:33Z,wow this is incredible crew members are,1780.08,5.0
pcVsfZHHE6Q,2024-11-19T12:55:33Z,desperately trying to evacuate the ship,1782.559,5.761
pcVsfZHHE6Q,2024-11-19T12:55:33Z,wait wait one appears to be holding,1785.08,5.56
pcVsfZHHE6Q,2024-11-19T12:55:33Z,something they're viy waving in at the,1788.32,4.719
pcVsfZHHE6Q,2024-11-19T12:55:33Z,mouth of the Kraken that's now emerged,1790.64,5.12
pcVsfZHHE6Q,2024-11-19T12:55:33Z,from the waves wait he's lit it,1793.039,5.601
pcVsfZHHE6Q,2024-11-19T12:55:33Z,something is lit something is on,1795.76,5.519
pcVsfZHHE6Q,2024-11-19T12:55:33Z,fire folks this is s like anything we've,1798.64,4.919
pcVsfZHHE6Q,2024-11-19T12:55:33Z,ever,1801.279,2.28
pcVsfZHHE6Q,2024-11-19T12:55:33Z,SE the ship has,1804.399,6.961
pcVsfZHHE6Q,2024-11-19T12:55:33Z,exploded wow Barrels have exploded parts,1807.48,6.52
pcVsfZHHE6Q,2024-11-19T12:55:33Z,of the ship are flying through the air,1811.36,5.64
pcVsfZHHE6Q,2024-11-19T12:55:33Z,the Kraken appears to be heavily injured,1814.0,5.919
pcVsfZHHE6Q,2024-11-19T12:55:33Z,it's now covered in some sort of bile or,1817.0,6.48
pcVsfZHHE6Q,2024-11-19T12:55:33Z,or blood it's it's clearly injured it's,1819.919,6.521
pcVsfZHHE6Q,2024-11-19T12:55:33Z,it's retreating it's retreating it's,1823.48,5.079
pcVsfZHHE6Q,2024-11-19T12:55:33Z,retreating I have a feeling this is the,1826.44,5.4
pcVsfZHHE6Q,2024-11-19T12:55:33Z,last we'll see this big guy but wow wow,1828.559,7.401
pcVsfZHHE6Q,2024-11-19T12:55:33Z,what a weather report folks rain lots of,1831.84,7.48
pcVsfZHHE6Q,2024-11-19T12:55:33Z,rain and now who knows what else I'm Bob,1835.96,7.319
pcVsfZHHE6Q,2024-11-19T12:55:33Z,rle 100.7 The,1839.32,3.959
pcVsfZHHE6Q,2024-11-19T12:55:33Z,River wow Bob uh well Bob never,1844.399,5.52
pcVsfZHHE6Q,2024-11-19T12:55:33Z,disappoints best weather guy in the,1848.279,4.52
pcVsfZHHE6Q,2024-11-19T12:55:33Z,business at number four we've got a song,1849.919,5.441
pcVsfZHHE6Q,2024-11-19T12:55:33Z,about a young girl who can no longer,1852.799,6.201
pcVsfZHHE6Q,2024-11-19T12:55:33Z,feel magic nominated for a Shar for best,1855.36,6.679
pcVsfZHHE6Q,2024-11-19T12:55:33Z,breakout artist this is Sarah elfwood,1859.0,5.76
pcVsfZHHE6Q,2024-11-19T12:55:33Z,with lost Essence on the,1862.039,4.561
pcVsfZHHE6Q,2024-11-19T12:55:33Z,River,1864.76,3.48
pcVsfZHHE6Q,2024-11-19T12:55:33Z,Wind,1866.6,7.6
pcVsfZHHE6Q,2024-11-19T12:55:33Z,she a female elf tear eyes seeking the,1868.24,12.0
pcVsfZHHE6Q,2024-11-19T12:55:33Z,essence she knew in the riverlands so,1874.2,10.64
pcVsfZHHE6Q,2024-11-19T12:55:33Z,blue her heart AES with every step she,1880.24,9.039
pcVsfZHHE6Q,2024-11-19T12:55:33Z,takes Magic on her spirit quak,1884.84,8.679
pcVsfZHHE6Q,2024-11-19T12:55:33Z,a land of the light now feels so lost,1889.279,7.4
pcVsfZHHE6Q,2024-11-19T12:55:33Z,Essence left an empty,1893.519,5.361
pcVsfZHHE6Q,2024-11-19T12:55:33Z,Mark oh,1896.679,7.401
pcVsfZHHE6Q,2024-11-19T12:55:33Z,R her PR bring back Essence to light her,1898.88,8.759
pcVsfZHHE6Q,2024-11-19T12:55:33Z,way streams of,1904.08,8.16
pcVsfZHHE6Q,2024-11-19T12:55:33Z,sorrow in the Echo,1907.639,4.601
pcVsfZHHE6Q,2024-11-19T12:55:33Z,magic Moonlight guides her through the,1913.799,4.88
pcVsfZHHE6Q,2024-11-19T12:55:33Z,night,1917.44,4.04
pcVsfZHHE6Q,2024-11-19T12:55:33Z,stars above her their,1918.679,7.521
pcVsfZHHE6Q,2024-11-19T12:55:33Z,light hope flickers in her frail heart,1921.48,9.159
pcVsfZHHE6Q,2024-11-19T12:55:33Z,finding Essence to rest she stand where,1926.2,9.76
pcVsfZHHE6Q,2024-11-19T12:55:33Z,magic us where theow s,1930.639,8.361
pcVsfZHHE6Q,2024-11-19T12:55:33Z,Sil now,1935.96,7.24
pcVsfZHHE6Q,2024-11-19T12:55:33Z,shadows in her,1939.0,8.45
pcVsfZHHE6Q,2024-11-19T12:55:33Z,[Music],1943.2,4.25
pcVsfZHHE6Q,2024-11-19T12:55:33Z,in the depths of rivers cold and deep,1949.44,6.8
pcVsfZHHE6Q,2024-11-19T12:55:33Z,She searches for dreams she used to,1953.159,7.721
pcVsfZHHE6Q,2024-11-19T12:55:33Z,keep Whispers of essence Lost in Time,1956.24,10.0
pcVsfZHHE6Q,2024-11-19T12:55:33Z,murmur of a forgotten r,1960.88,5.36
pcVsfZHHE6Q,2024-11-19T12:55:33Z,[Music],1967.78,23.34
pcVsfZHHE6Q,2024-11-19T12:55:33Z,riverlands he her PR bring back Essence,1986.96,9.28
pcVsfZHHE6Q,2024-11-19T12:55:33Z,to light her way streams of Sorrow pass,1991.12,9.72
pcVsfZHHE6Q,2024-11-19T12:55:33Z,on in ech,1996.24,4.6
pcVsfZHHE6Q,2024-11-19T12:55:33Z,Magic rer here her pray bring back gu,2002.399,10.441
pcVsfZHHE6Q,2024-11-19T12:55:33Z,light her way streams of s,2008.039,8.161
pcVsfZHHE6Q,2024-11-19T12:55:33Z,sun in the Echo,2012.84,5.199
pcVsfZHHE6Q,2024-11-19T12:55:33Z,magic,2016.2,6.43
pcVsfZHHE6Q,2024-11-19T12:55:33Z,Moes through the night stars,2018.039,8.17
pcVsfZHHE6Q,2024-11-19T12:55:33Z,[Music],2022.63,3.579
pcVsfZHHE6Q,2024-11-19T12:55:33Z,above in her,2027.32,7.199
pcVsfZHHE6Q,2024-11-19T12:55:33Z,frail finding Essence to,2029.639,4.88
pcVsfZHHE6Q,2024-11-19T12:55:33Z,restart when best,2036.279,7.24
pcVsfZHHE6Q,2024-11-19T12:55:33Z,music the,2040.159,3.36
pcVsfZHHE6Q,2024-11-19T12:55:33Z,river B training land a capital by my,2048.28,11.359
pcVsfZHHE6Q,2024-11-19T12:55:33Z,hand down I'm moving fast in the seven,2054.8,7.799
pcVsfZHHE6Q,2024-11-19T12:55:33Z,trust,2059.639,2.96
pcVsfZHHE6Q,2024-11-19T12:55:33Z,land fls are raining in the night Street,2063.399,7.0
pcVsfZHHE6Q,2024-11-19T12:55:33Z,light shining oh so,2067.839,7.0
pcVsfZHHE6Q,2024-11-19T12:55:33Z,bright everything you see Shing dreams,2070.399,8.2
pcVsfZHHE6Q,2024-11-19T12:55:33Z,and Destiny in the seven we trust the,2074.839,8.24
pcVsfZHHE6Q,2024-11-19T12:55:33Z,most ra a glass and make a toast all of,2078.599,11.201
pcVsfZHHE6Q,2024-11-19T12:55:33Z,us coin so they trade your Fe and walk,2083.079,6.721
pcVsfZHHE6Q,2024-11-19T12:55:33Z,away Pockets open wide at heels are,2090.96,10.08
pcVsfZHHE6Q,2024-11-19T12:55:33Z,before they G every step you take again,2096.2,8.8
pcVsfZHHE6Q,2024-11-19T12:55:33Z,Capital those again in the seven we,2101.04,9.079
pcVsfZHHE6Q,2024-11-19T12:55:33Z,trust it's true tra this city on that,2105.0,9.4
pcVsfZHHE6Q,2024-11-19T12:55:33Z,all of this Co hear them sing tra your,2110.119,8.281
pcVsfZHHE6Q,2024-11-19T12:55:33Z,BL away,2114.4,4.0
pcVsfZHHE6Q,2024-11-19T12:55:33Z,in the C we trust the most raise a glass,2128.52,5.72
pcVsfZHHE6Q,2024-11-19T12:55:33Z,and make a,2132.72,6.56
pcVsfZHHE6Q,2024-11-19T12:55:33Z,toast every you see Tre dreams,2134.24,9.44
pcVsfZHHE6Q,2024-11-19T12:55:33Z,Andy in the we trust the most there's a,2139.28,9.28
pcVsfZHHE6Q,2024-11-19T12:55:33Z,glass and make a to all others coin so,2143.68,9.56
pcVsfZHHE6Q,2024-11-19T12:55:33Z,they say TR your fear and walk away Mar,2148.56,8.519
pcVsfZHHE6Q,2024-11-19T12:55:33Z,gets open wide and dark feels a me,2153.24,7.8
pcVsfZHHE6Q,2024-11-19T12:55:33Z,before the gone every step you take a,2157.079,6.921
pcVsfZHHE6Q,2024-11-19T12:55:33Z,game Capital loves the,2161.04,8.4
pcVsfZHHE6Q,2024-11-19T12:55:33Z,game pockets open wide at door feels it,2164.0,11.56
pcVsfZHHE6Q,2024-11-19T12:55:33Z,for the every step you take a game Capal,2169.44,7.32
pcVsfZHHE6Q,2024-11-19T12:55:33Z,again,2175.56,22.6
pcVsfZHHE6Q,2024-11-19T12:55:33Z,[Music],2176.76,27.64
pcVsfZHHE6Q,2024-11-19T12:55:33Z,electric Moves In The Air feel the RM,2198.16,7.81
pcVsfZHHE6Q,2024-11-19T12:55:33Z,everywhere there is,2204.4,5.26
pcVsfZHHE6Q,2024-11-19T12:55:33Z,[Music],2205.97,3.69
pcVsfZHHE6Q,2024-11-19T12:55:33Z,heartbeat Where We Belong,2209.72,19.31
pcVsfZHHE6Q,2024-11-19T12:55:33Z,[Music],2213.61,15.42
pcVsfZHHE6Q,2024-11-19T12:55:33Z,mirth is,2229.24,4.48
pcVsfZHHE6Q,2024-11-19T12:55:33Z,listening,2231.04,6.079
pcVsfZHHE6Q,2024-11-19T12:55:33Z,100.7 The,2233.72,3.399
pcVsfZHHE6Q,2024-11-19T12:55:33Z,River you hear that that's the sound of,2242.92,7.159
pcVsfZHHE6Q,2024-11-19T12:55:33Z,Homestead dead cigarettes rolled with,2246.88,7.719
pcVsfZHHE6Q,2024-11-19T12:55:33Z,real juen smoke Leaf right here in the,2250.079,7.721
pcVsfZHHE6Q,2024-11-19T12:55:33Z,riverlands homestead cigarettes are the,2254.599,5.841
pcVsfZHHE6Q,2024-11-19T12:55:33Z,healthy choice to keep you going for,2257.8,6.799
pcVsfZHHE6Q,2024-11-19T12:55:33Z,those long productive,2260.44,4.159
pcVsfZHHE6Q,2024-11-19T12:55:33Z,days they are the,2266.359,4.121
pcVsfZHHE6Q,2024-11-19T12:55:33Z,smoothest no more no more Gary Gary,2275.16,9.36
pcVsfZHHE6Q,2024-11-19T12:55:33Z,no no I don't I don't care how much they,2280.88,6.88
pcVsfZHHE6Q,2024-11-19T12:55:33Z,are paying us Gary,2284.52,3.24
pcVsfZHHE6Q,2024-11-19T12:55:33Z,no no no I will not do another,2288.96,8.72
pcVsfZHHE6Q,2024-11-19T12:55:33Z,take just just play a different,2293.2,4.48
pcVsfZHHE6Q,2024-11-19T12:55:33Z,ad you're listening to the riverlands,2298.48,3.879
pcVsfZHHE6Q,2024-11-19T12:55:33Z,best,2301.079,2.841
pcVsfZHHE6Q,2024-11-19T12:55:33Z,hits,2302.359,6.441
pcVsfZHHE6Q,2024-11-19T12:55:33Z,100.7 The River if finding a good coffin,2303.92,9.399
pcVsfZHHE6Q,2024-11-19T12:55:33Z,is killing you grieve no further I'm,2308.8,8.68
pcVsfZHHE6Q,2024-11-19T12:55:33Z,Jason gulbranson of go Branson and Son's,2313.319,8.201
pcVsfZHHE6Q,2024-11-19T12:55:33Z,Mortuary services and we are what you've,2317.48,8.32
pcVsfZHHE6Q,2024-11-19T12:55:33Z,been looking for all your life,2321.52,6.96
pcVsfZHHE6Q,2024-11-19T12:55:33Z,breathtaking quality combined with,2325.8,6.92
pcVsfZHHE6Q,2024-11-19T12:55:33Z,customer service that will leave you in,2328.48,8.16
pcVsfZHHE6Q,2024-11-19T12:55:33Z,stitches with a smile on your face,2332.72,10.84
pcVsfZHHE6Q,2024-11-19T12:55:33Z,gbrand and Sons spells funeral with f u,2336.64,11.36
pcVsfZHHE6Q,2024-11-19T12:55:33Z,n here's my son Jared the jokester of,2343.56,8.12
pcVsfZHHE6Q,2024-11-19T12:55:33Z,the family with a joke from our last,2348.0,7.52
pcVsfZHHE6Q,2024-11-19T12:55:33Z,funeral where he just,2351.68,10.24
pcVsfZHHE6Q,2024-11-19T12:55:33Z,slay thanks Dad here's my joke when I go,2355.52,10.599
pcVsfZHHE6Q,2024-11-19T12:55:33Z,I want to die in my sleep like my uncle,2361.92,7.199
pcVsfZHHE6Q,2024-11-19T12:55:33Z,and not at all like the screaming people,2366.119,7.641
pcVsfZHHE6Q,2024-11-19T12:55:33Z,driving off the cliff in his,2369.119,4.641
pcVsfZHHE6Q,2024-11-19T12:55:33Z,[Music],2375.23,7.21
pcVsfZHHE6Q,2024-11-19T12:55:33Z,bus thanks son that joke kills every,2376.48,10.4
pcVsfZHHE6Q,2024-11-19T12:55:33Z,time so if you want to put some fun in,2382.44,8.639
pcVsfZHHE6Q,2024-11-19T12:55:33Z,your funeral contact gold Branson and,2386.88,8.0
pcVsfZHHE6Q,2024-11-19T12:55:33Z,Sons conveniently located next to the,2391.079,7.361
pcVsfZHHE6Q,2024-11-19T12:55:33Z,corpse pit in Mir,2394.88,7.28
pcVsfZHHE6Q,2024-11-19T12:55:33Z,gold Branson and Son's Mortuary,2398.44,9.76
pcVsfZHHE6Q,2024-11-19T12:55:33Z,Services will'll give you the last,2402.16,6.04
pcVsfZHHE6Q,2024-11-19T12:55:33Z,laugh the,2410.76,3.359
pcVsfZHHE6Q,2024-11-19T12:55:33Z,[Music],2414.12,9.479
pcVsfZHHE6Q,2024-11-19T12:55:33Z,river We rise together the St Tri will,2424.079,7.161
pcVsfZHHE6Q,2024-11-19T12:55:33Z,stand forever from capitals going to the,2427.88,7.39
pcVsfZHHE6Q,2024-11-19T12:55:33Z,warden te we Forge our way come on,2431.24,8.119
pcVsfZHHE6Q,2024-11-19T12:55:33Z,[Music],2435.27,8.37
pcVsfZHHE6Q,2024-11-19T12:55:33Z,WEA the rain came down on Peaks was and,2439.359,7.401
pcVsfZHHE6Q,2024-11-19T12:55:33Z,clean the P the week Lessons Learned,2443.64,5.84
pcVsfZHHE6Q,2024-11-19T12:55:33Z,through battles one truths I missed,2446.76,5.8
pcVsfZHHE6Q,2024-11-19T12:55:33Z,until we were one learning the hard way,2449.48,5.32
pcVsfZHHE6Q,2024-11-19T12:55:33Z,learning the hard way learning the hard,2452.56,6.16
pcVsfZHHE6Q,2024-11-19T12:55:33Z,way to be true learning the hard way,2454.8,6.84
pcVsfZHHE6Q,2024-11-19T12:55:33Z,love Fe We rise together if there a,2458.72,5.399
pcVsfZHHE6Q,2024-11-19T12:55:33Z,struggle we'll face it together so let's,2461.64,4.62
pcVsfZHHE6Q,2024-11-19T12:55:33Z,draw new lands leave behind the,2464.119,4.281
pcVsfZHHE6Q,2024-11-19T12:55:33Z,[Music],2466.26,5.5
pcVsfZHHE6Q,2024-11-19T12:55:33Z,te the Wind swep Through the ancient Tre,2468.4,6.679
pcVsfZHHE6Q,2024-11-19T12:55:33Z,carrying secrets of L cities we push,2471.76,5.64
pcVsfZHHE6Q,2024-11-19T12:55:33Z,through trials through L and fire the,2475.079,6.04
pcVsfZHHE6Q,2024-11-19T12:55:33Z,one March ever higher as capital Trad,2477.4,6.959
pcVsfZHHE6Q,2024-11-19T12:55:33Z,and wen's room our strength is Forge,2481.119,6.72
pcVsfZHHE6Q,2024-11-19T12:55:33Z,ouro with each new step we break the oh,2484.359,6.801
pcVsfZHHE6Q,2024-11-19T12:55:33Z,get battles fought and secrets t love F,2487.839,5.921
pcVsfZHHE6Q,2024-11-19T12:55:33Z,We rise together if there's a struggle,2491.16,5.12
pcVsfZHHE6Q,2024-11-19T12:55:33Z,we'll face it together let's push,2493.76,4.25
pcVsfZHHE6Q,2024-11-19T12:55:33Z,through lands to test and,2496.28,3.92
pcVsfZHHE6Q,2024-11-19T12:55:33Z,[Music],2498.01,4.55
pcVsfZHHE6Q,2024-11-19T12:55:33Z,measure the sun broke through the,2500.2,5.68
pcVsfZHHE6Q,2024-11-19T12:55:33Z,morning Miss Illuminating paths we,2502.56,7.88
pcVsfZHHE6Q,2024-11-19T12:55:33Z,missed in light our gu shines got it by,2505.88,7.88
pcVsfZHHE6Q,2024-11-19T12:55:33Z,feels so right from Capal Halls to wen's,2510.44,6.919
pcVsfZHHE6Q,2024-11-19T12:55:33Z,L the she what we adore learning heart,2513.76,7.12
pcVsfZHHE6Q,2024-11-19T12:55:33Z,truths finding our way and there heart,2517.359,6.601
pcVsfZHHE6Q,2024-11-19T12:55:33Z,we find our St now learning the hard way,2520.88,5.6
pcVsfZHHE6Q,2024-11-19T12:55:33Z,Lear the hard way Lear the way to be,2523.96,6.84
pcVsfZHHE6Q,2024-11-19T12:55:33Z,true now I'm learning the hard way love,2526.48,6.92
pcVsfZHHE6Q,2024-11-19T12:55:33Z,We rise together if there's a struggle,2530.8,5.92
pcVsfZHHE6Q,2024-11-19T12:55:33Z,we face it together so let's March for,2533.4,6.8
pcVsfZHHE6Q,2024-11-19T12:55:33Z,find there treasure,2536.72,18.05
pcVsfZHHE6Q,2024-11-19T12:55:33Z,[Music],2540.2,14.57
pcVsfZHHE6Q,2024-11-19T12:55:33Z,we stake our CL from Capital Halls our,2555.2,5.96
pcVsfZHHE6Q,2024-11-19T12:55:33Z,voices ring we are the,2558.119,6.601
pcVsfZHHE6Q,2024-11-19T12:55:33Z,United FEA We rise together if there's a,2561.16,6.159
pcVsfZHHE6Q,2024-11-19T12:55:33Z,struggle we'll face it together let's,2564.72,6.28
pcVsfZHHE6Q,2024-11-19T12:55:33Z,push through lands to test and,2567.319,7.321
pcVsfZHHE6Q,2024-11-19T12:55:33Z,measure good another FEA We rise,2571.0,6.28
pcVsfZHHE6Q,2024-11-19T12:55:33Z,together the f a struggle we'll face it,2574.64,5.04
pcVsfZHHE6Q,2024-11-19T12:55:33Z,get so let Char new lands leave behind,2577.28,6.559
pcVsfZHHE6Q,2024-11-19T12:55:33Z,the te o,2579.68,4.159
pcVsfZHHE6Q,2024-11-19T12:55:33Z,[Music],2585.72,53.639
pcVsfZHHE6Q,2024-11-19T12:55:33Z,Chrissy leaf and the TIY torches Guild,2636.48,4.8
pcVsfZHHE6Q,2024-11-19T12:55:33Z,of a feather at number three on the,2639.359,4.441
pcVsfZHHE6Q,2024-11-19T12:55:33Z,DriveTime top 10 before that we heard a,2641.28,6.2
pcVsfZHHE6Q,2024-11-19T12:55:33Z,bonus track 7even coin Blues from copper,2643.8,6.08
pcVsfZHHE6Q,2024-11-19T12:55:33Z,Johnson Sunny Raven Court your radio,2647.48,4.52
pcVsfZHHE6Q,2024-11-19T12:55:33Z,friend and don't worry about me I was,2649.88,4.52
pcVsfZHHE6Q,2024-11-19T12:55:33Z,born for this we're almost done so I,2652.0,6.16
pcVsfZHHE6Q,2024-11-19T12:55:33Z,want to thank Bob rle and Chad Carin for,2654.4,5.88
pcVsfZHHE6Q,2024-11-19T12:55:33Z,getting out there in the riverlands it's,2658.16,4.76
pcVsfZHHE6Q,2024-11-19T12:55:33Z,dangerous folks I saw an eight foot,2660.28,4.799
pcVsfZHHE6Q,2024-11-19T12:55:33Z,otter the other day just a little guy,2662.92,5.52
pcVsfZHHE6Q,2024-11-19T12:55:33Z,but man he had uh he had that look you,2665.079,6.0
pcVsfZHHE6Q,2024-11-19T12:55:33Z,know what I'm talking about that look,2668.44,4.84
pcVsfZHHE6Q,2024-11-19T12:55:33Z,Carin told me that he heard in a Tavern,2671.079,4.721
pcVsfZHHE6Q,2024-11-19T12:55:33Z,that some places have otter no bigger,2673.28,3.72
pcVsfZHHE6Q,2024-11-19T12:55:33Z,than your,2675.8,4.24
pcVsfZHHE6Q,2024-11-19T12:55:33Z,arm sounds like he and uh rle might have,2677.0,4.72
pcVsfZHHE6Q,2024-11-19T12:55:33Z,been tipping back the ale a little bit,2680.04,3.039
pcVsfZHHE6Q,2024-11-19T12:55:33Z,early in the day if you know what I'm,2681.72,4.04
pcVsfZHHE6Q,2024-11-19T12:55:33Z,saying can you,2683.079,5.961
pcVsfZHHE6Q,2024-11-19T12:55:33Z,imagine tiny little otters nonetheless,2685.76,5.319
pcVsfZHHE6Q,2024-11-19T12:55:33Z,don't you be doing that in your Caravan,2689.04,3.4
pcVsfZHHE6Q,2024-11-19T12:55:33Z,or you'll be in the tropics before you,2691.079,4.121
pcVsfZHHE6Q,2024-11-19T12:55:33Z,can offload your Commodities at number,2692.44,6.0
pcVsfZHHE6Q,2024-11-19T12:55:33Z,two the penultimate song in our top 10,2695.2,5.76
pcVsfZHHE6Q,2024-11-19T12:55:33Z,is one of the coolest cats around you're,2698.44,5.04
pcVsfZHHE6Q,2024-11-19T12:55:33Z,listening to the river and this is Jack,2700.96,6.28
pcVsfZHHE6Q,2024-11-19T12:55:33Z,spinward with Nia,2703.48,3.76
pcVsfZHHE6Q,2024-11-19T12:55:33Z,[Music],2708.41,7.07
pcVsfZHHE6Q,2024-11-19T12:55:33Z,dreams free and,2712.119,6.761
pcVsfZHHE6Q,2024-11-19T12:55:33Z,L once in the mountains out by the sea,2715.48,6.4
pcVsfZHHE6Q,2024-11-19T12:55:33Z,with their fishing nets and coconut tea,2718.88,5.8
pcVsfZHHE6Q,2024-11-19T12:55:33Z,Ticky bars up music in the air got that,2721.88,5.479
pcVsfZHHE6Q,2024-11-19T12:55:33Z,Reg Rhythm they don't have a care,2724.68,5.679
pcVsfZHHE6Q,2024-11-19T12:55:33Z,jumping and dancing Under the,2727.359,7.401
pcVsfZHHE6Q,2024-11-19T12:55:33Z,Stars large foret the,2730.359,4.401
pcVsfZHHE6Q,2024-11-19T12:55:33Z,scars island in the t bars Everything,2735.359,6.281
pcVsfZHHE6Q,2024-11-19T12:55:33Z,feels right singing and laughing through,2739.28,3.96
pcVsfZHHE6Q,2024-11-19T12:55:33Z,the cool Ocean,2741.64,5.0
pcVsfZHHE6Q,2024-11-19T12:55:33Z,Breeze come on let's seize these days,2743.24,5.0
pcVsfZHHE6Q,2024-11-19T12:55:33Z,they found their home where the waves,2746.64,3.6
pcVsfZHHE6Q,2024-11-19T12:55:33Z,kiss the shore dancing to the beat,2748.24,4.24
pcVsfZHHE6Q,2024-11-19T12:55:33Z,they're always W more from the mountain,2750.24,5.28
pcVsfZHHE6Q,2024-11-19T12:55:33Z,so high did the Sandy Embrace Nik found,2752.48,5.04
pcVsfZHHE6Q,2024-11-19T12:55:33Z,joy in this vibrant space,2755.52,4.319
pcVsfZHHE6Q,2024-11-19T12:55:33Z,casted their lines in the turquoise sea,2757.52,5.76
pcVsfZHHE6Q,2024-11-19T12:55:33Z,Liv in each Wild and Free with the sound,2759.839,6.0
pcVsfZHHE6Q,2024-11-19T12:55:33Z,of the drums let the good times roll,2763.28,4.36
pcVsfZHHE6Q,2024-11-19T12:55:33Z,together in harmony that's how they,2765.839,4.48
pcVsfZHHE6Q,2024-11-19T12:55:33Z,stroll so raise a glass to the island,2767.64,7.12
pcVsfZHHE6Q,2024-11-19T12:55:33Z,cheer to the let spread the,2770.319,7.04
pcVsfZHHE6Q,2024-11-19T12:55:33Z,good where,2774.76,6.68
pcVsfZHHE6Q,2024-11-19T12:55:33Z,stath STS daning,2777.359,4.081
pcVsfZHHE6Q,2024-11-19T12:55:33Z,their keep your spirit alive in the,2782.64,5.56
pcVsfZHHE6Q,2024-11-19T12:55:33Z,heart of together with,2785.68,4.48
pcVsfZHHE6Q,2024-11-19T12:55:33Z,Thrive,2788.2,5.48
pcVsfZHHE6Q,2024-11-19T12:55:33Z,oh Island light in the ti bars,2790.16,6.12
pcVsfZHHE6Q,2024-11-19T12:55:33Z,everythings right singing and laughing,2793.68,4.399
pcVsfZHHE6Q,2024-11-19T12:55:33Z,through the cool Ocean,2796.28,5.16
pcVsfZHHE6Q,2024-11-19T12:55:33Z,Breeze come on let's cease these days,2798.079,5.671
pcVsfZHHE6Q,2024-11-19T12:55:33Z,they found their home with the,2801.44,7.389
pcVsfZHHE6Q,2024-11-19T12:55:33Z,[Music],2803.75,5.079
pcVsfZHHE6Q,2024-11-19T12:55:33Z,waves houseon rocks to,2809.88,5.719
pcVsfZHHE6Q,2024-11-19T12:55:33Z,100.7 The,2813.24,6.079
pcVsfZHHE6Q,2024-11-19T12:55:33Z,River and this is it the number one song,2815.599,6.401
pcVsfZHHE6Q,2024-11-19T12:55:33Z,in The riverlands Sunny Raven Court I,2819.319,4.921
pcVsfZHHE6Q,2024-11-19T12:55:33Z,will catch you next week for another,2822.0,4.92
pcVsfZHHE6Q,2024-11-19T12:55:33Z,drive time top 10 peace love and,2824.24,6.16
pcVsfZHHE6Q,2024-11-19T12:55:33Z,honeybees radio land this is AB,2826.92,7.8
pcVsfZHHE6Q,2024-11-19T12:55:33Z,runeforge with the Sleepy Owl Tavern on,2830.4,7.52
pcVsfZHHE6Q,2024-11-19T12:55:33Z,100.7 The,2834.72,3.2
pcVsfZHHE6Q,2024-11-19T12:55:33Z,[Music],2838.69,3.79
pcVsfZHHE6Q,2024-11-19T12:55:33Z,River with dreams,2840.079,6.441
pcVsfZHHE6Q,2024-11-19T12:55:33Z,reborn May oral hopes Under the Sun,2842.48,6.72
pcVsfZHHE6Q,2024-11-19T12:55:33Z,let's see what he can get,2846.52,6.76
pcVsfZHHE6Q,2024-11-19T12:55:33Z,done cat the elf with The Cauldron Brew,2849.2,8.28
pcVsfZHHE6Q,2024-11-19T12:55:33Z,stir the pot and crafts what's true in a,2853.28,7.36
pcVsfZHHE6Q,2024-11-19T12:55:33Z,kitchen where flavors blend a cook a,2857.48,8.52
pcVsfZHHE6Q,2024-11-19T12:55:33Z,brewer a friend at the Sleepy out T,2860.64,7.64
pcVsfZHHE6Q,2024-11-19T12:55:33Z,where the magic happens,2866.0,6.88
pcVsfZHHE6Q,2024-11-19T12:55:33Z,bright people gather Afters up all,2868.28,8.92
pcVsfZHHE6Q,2024-11-19T12:55:33Z,together through the night,2872.88,4.32
pcVsfZHHE6Q,2024-11-19T12:55:33Z,chips the proudly Stands Tall managing,2879.319,7.641
pcVsfZHHE6Q,2024-11-19T12:55:33Z,chaos through it all with a gr he keeps,2883.24,8.04
pcVsfZHHE6Q,2024-11-19T12:55:33Z,it smoth rocks the crowd and sets the,2886.96,8.599
pcVsfZHHE6Q,2024-11-19T12:55:33Z,gr Sunny speeches F the square talking,2891.28,6.6
pcVsfZHHE6Q,2024-11-19T12:55:33Z,change showing he,2895.559,6.401
pcVsfZHHE6Q,2024-11-19T12:55:33Z,cares promises for brighter days in the,2897.88,10.28
pcVsfZHHE6Q,2024-11-19T12:55:33Z,crowd voices ra at the Sleepy out,2901.96,8.44
pcVsfZHHE6Q,2024-11-19T12:55:33Z,where the magic happens,2908.16,5.399
pcVsfZHHE6Q,2024-11-19T12:55:33Z,bright people gather laugh,2910.4,6.48
pcVsfZHHE6Q,2024-11-19T12:55:33Z,Wells all together through the,2913.559,6.56
pcVsfZHHE6Q,2024-11-19T12:55:33Z,night at the Sleepy,2916.88,6.479
pcVsfZHHE6Q,2024-11-19T12:55:33Z,out where the magic happens,2920.119,6.44
pcVsfZHHE6Q,2024-11-19T12:55:33Z,bright people gather after,2923.359,7.381
pcVsfZHHE6Q,2024-11-19T12:55:33Z,worlds all together through the night,2926.559,12.381
pcVsfZHHE6Q,2024-11-19T12:55:33Z,[Music],2930.74,8.2
pcVsfZHHE6Q,2024-11-19T12:55:33Z,[Music],2941.63,6.179
pcVsfZHHE6Q,2024-11-19T12:55:33Z,that,2953.119,6.451
pcVsfZHHE6Q,2024-11-19T12:55:33Z,[Applause],2954.64,4.93
pcVsfZHHE6Q,2024-11-19T12:55:33Z,[Music],2961.52,3.88
pcVsfZHHE6Q,2024-11-19T12:55:33Z,[Music],2968.35,5.709
pcVsfZHHE6Q,2024-11-19T12:55:33Z,for,2974.68,3.0
pcVsfZHHE6Q,2024-11-19T12:55:33Z,[Music],2981.92,2.869
NM_ISxhndjw,2024-11-13T14:05:47Z,[Music],4.88,4.6
NM_ISxhndjw,2024-11-13T14:05:47Z,cash and I had a a brief conversation,7.279,6.681
NM_ISxhndjw,2024-11-13T14:05:47Z,via our text chat and uh I can't,9.48,7.24
NM_ISxhndjw,2024-11-13T14:05:47Z,remember exactly how it went but they,13.96,6.36
NM_ISxhndjw,2024-11-13T14:05:47Z,had delayed the launch last weekend for,16.72,6.08
NM_ISxhndjw,2024-11-13T14:05:47Z,the new uh for the second weekend of,20.32,4.76
NM_ISxhndjw,2024-11-13T14:05:47Z,alpha they delayed it by 5 hours and he,22.8,4.319
NM_ISxhndjw,2024-11-13T14:05:47Z,said I wonder if they're getting ddosed,25.08,5.439
NM_ISxhndjw,2024-11-13T14:05:47Z,again and I said no way if they were,27.119,5.921
NM_ISxhndjw,2024-11-13T14:05:47Z,getting dosed again it's going to take,30.519,4.281
NM_ISxhndjw,2024-11-13T14:05:47Z,them a hell of a lot more than five,33.04,4.519
NM_ISxhndjw,2024-11-13T14:05:47Z,hours and after it had taken them all or,34.8,5.2
NM_ISxhndjw,2024-11-13T14:05:47Z,after they had the week yes after they,37.559,3.641
NM_ISxhndjw,2024-11-13T14:05:47Z,had the whole week because I was,40.0,3.079
NM_ISxhndjw,2024-11-13T14:05:47Z,thinking like they're still getting dos,41.2,4.999
NM_ISxhndjw,2024-11-13T14:05:47Z,during that thing well I don't I don't,43.079,4.441
NM_ISxhndjw,2024-11-13T14:05:47Z,think there's any way other than to look,46.199,3.721
NM_ISxhndjw,2024-11-13T14:05:47Z,at it and say well you were wrong,47.52,5.879
NM_ISxhndjw,2024-11-13T14:05:47Z,because uh me of course being the you I,49.92,6.2
NM_ISxhndjw,2024-11-13T14:05:47Z,was wrong uh they did get dosed again uh,53.399,5.201
NM_ISxhndjw,2024-11-13T14:05:47Z,they got dosed I think probably the,56.12,5.119
NM_ISxhndjw,2024-11-13T14:05:47Z,whole weekend um now they've gotten,58.6,5.8
NM_ISxhndjw,2024-11-13T14:05:47Z,better at it uh Intrepid has of of,61.239,4.641
NM_ISxhndjw,2024-11-13T14:05:47Z,guarding against this kind of stuff but,64.4,3.759
NM_ISxhndjw,2024-11-13T14:05:47Z,nope they certainly were the target,65.88,4.68
NM_ISxhndjw,2024-11-13T14:05:47Z,again for this thing and I didn't read,68.159,4.121
NM_ISxhndjw,2024-11-13T14:05:47Z,it but cash you said Stephen actually,70.56,5.96
NM_ISxhndjw,2024-11-13T14:05:47Z,made a plea to uh the general populus I,72.28,7.519
NM_ISxhndjw,2024-11-13T14:05:47Z,guess yeah um Stephen had put out a post,76.52,6.4
NM_ISxhndjw,2024-11-13T14:05:47Z,on the Alpha 2 news feed um on their,79.799,5.481
NM_ISxhndjw,2024-11-13T14:05:47Z,Discord that basically I mean he was,82.92,4.36
NM_ISxhndjw,2024-11-13T14:05:47Z,talking directly at the person doing it,85.28,4.68
NM_ISxhndjw,2024-11-13T14:05:47Z,basically saying that hey like we're all,87.28,4.96
NM_ISxhndjw,2024-11-13T14:05:47Z,all the same people like we're Gamers,89.96,4.799
NM_ISxhndjw,2024-11-13T14:05:47Z,all we want to do is is showcase our,92.24,5.0
NM_ISxhndjw,2024-11-13T14:05:47Z,work and it you know basically just said,94.759,5.521
NM_ISxhndjw,2024-11-13T14:05:47Z,like Hey we're we're all Brothers here,97.24,6.08
NM_ISxhndjw,2024-11-13T14:05:47Z,um and it's I mean,100.28,6.799
NM_ISxhndjw,2024-11-13T14:05:47Z,that I I felt I felt bad for for the,103.32,5.2
NM_ISxhndjw,2024-11-13T14:05:47Z,development team ever since I started,107.079,3.201
NM_ISxhndjw,2024-11-13T14:05:47Z,getting DS because they got hit super,108.52,3.8
NM_ISxhndjw,2024-11-13T14:05:47Z,hard but when I saw that like man my,110.28,6.4
NM_ISxhndjw,2024-11-13T14:05:47Z,heart just peeled I was like oh man like,112.32,8.64
NM_ISxhndjw,2024-11-13T14:05:47Z,this is this is it was the attack really,116.68,7.359
NM_ISxhndjw,2024-11-13T14:05:47Z,hurt the dev team it it really did I,120.96,4.439
NM_ISxhndjw,2024-11-13T14:05:47Z,mean they're pouring their heart and,124.039,4.2
NM_ISxhndjw,2024-11-13T14:05:47Z,soul into this thing and for something,125.399,7.761
NM_ISxhndjw,2024-11-13T14:05:47Z,as as evil as a DS like there is just no,128.239,7.72
NM_ISxhndjw,2024-11-13T14:05:47Z,benefit in anybody else other than to,133.16,7.4
NM_ISxhndjw,2024-11-13T14:05:47Z,just cause havoc and it just it it drove,135.959,6.481
NM_ISxhndjw,2024-11-13T14:05:47Z,me nuts for the entire week but then to,140.56,4.8
NM_ISxhndjw,2024-11-13T14:05:47Z,see Stephen put that out it man it just,142.44,6.159
NM_ISxhndjw,2024-11-13T14:05:47Z,it just really hurt my heart to see that,145.36,5.36
NM_ISxhndjw,2024-11-13T14:05:47Z,um I think the only worst thing I've,148.599,3.161
NM_ISxhndjw,2024-11-13T14:05:47Z,ever,150.72,3.879
NM_ISxhndjw,2024-11-13T14:05:47Z,seen CU dos attacks are are terrible the,151.76,4.8
NM_ISxhndjw,2024-11-13T14:05:47Z,only worst thing I've ever seen is uh,154.599,4.241
NM_ISxhndjw,2024-11-13T14:05:47Z,extra life got dosed a couple years back,156.56,4.679
NM_ISxhndjw,2024-11-13T14:05:47Z,and they lost that's worse tens of,158.84,4.88
NM_ISxhndjw,2024-11-13T14:05:47Z,thousands of dollars in donations,161.239,4.801
NM_ISxhndjw,2024-11-13T14:05:47Z,because of the Dos attack and that one,163.72,6.12
NM_ISxhndjw,2024-11-13T14:05:47Z,like this one pissed me off that one,166.04,6.479
NM_ISxhndjw,2024-11-13T14:05:47Z,enraged me because now you're taking out,169.84,5.52
NM_ISxhndjw,2024-11-13T14:05:47Z,of the pocket of sick children so not to,172.519,5.36
NM_ISxhndjw,2024-11-13T14:05:47Z,segue that but you know it just doses,175.36,3.959
NM_ISxhndjw,2024-11-13T14:05:47Z,just suck man there's just there's just,177.879,3.561
NM_ISxhndjw,2024-11-13T14:05:47Z,no gain for people other than to just,179.319,5.2
NM_ISxhndjw,2024-11-13T14:05:47Z,cause chaos so that interestingly enough,181.44,4.84
NM_ISxhndjw,2024-11-13T14:05:47Z,I actually addressed that I had so I had,184.519,3.521
NM_ISxhndjw,2024-11-13T14:05:47Z,a stream and people are like why would,186.28,4.519
NM_ISxhndjw,2024-11-13T14:05:47Z,somebody dos this and I was I I had just,188.04,4.479
NM_ISxhndjw,2024-11-13T14:05:47Z,previously explained it to Kelly and I,190.799,3.0
NM_ISxhndjw,2024-11-13T14:05:47Z,can think off the top of my head of,192.519,2.921
NM_ISxhndjw,2024-11-13T14:05:47Z,three good reasons why you would dos,193.799,3.881
NM_ISxhndjw,2024-11-13T14:05:47Z,somebody okay are you ready for the,195.44,3.6
NM_ISxhndjw,2024-11-13T14:05:47Z,three reasons why I think somebody would,197.68,4.839
NM_ISxhndjw,2024-11-13T14:05:47Z,dos one is competition so if you are the,199.04,5.119
NM_ISxhndjw,2024-11-13T14:05:47Z,maker of like another game or you're,202.519,3.0
NM_ISxhndjw,2024-11-13T14:05:47Z,supporting another game or something,204.159,4.0
NM_ISxhndjw,2024-11-13T14:05:47Z,like that ashes of creation is like the,205.519,5.121
NM_ISxhndjw,2024-11-13T14:05:47Z,Hot Topic right now ashes of creation,208.159,4.8
NM_ISxhndjw,2024-11-13T14:05:47Z,can potentially take this thing back so,210.64,4.0
NM_ISxhndjw,2024-11-13T14:05:47Z,let's say you are competition in some,212.959,3.48
NM_ISxhndjw,2024-11-13T14:05:47Z,sort of way you don't want ashes of,214.64,3.319
NM_ISxhndjw,2024-11-13T14:05:47Z,creation to succeed so this is cyber,216.439,3.601
NM_ISxhndjw,2024-11-13T14:05:47Z,terrorism this is what this is there's,217.959,3.681
NM_ISxhndjw,2024-11-13T14:05:47Z,no other way of putting it this is an,220.04,3.24
NM_ISxhndjw,2024-11-13T14:05:47Z,act of cyber terrorism in order to do,221.64,4.44
NM_ISxhndjw,2024-11-13T14:05:47Z,that second one Ransom okay The Ransom,223.28,5.879
NM_ISxhndjw,2024-11-13T14:05:47Z,is real for a Dos if you are extra life,226.08,5.64
NM_ISxhndjw,2024-11-13T14:05:47Z,or you are this this company and you,229.159,4.28
NM_ISxhndjw,2024-11-13T14:05:47Z,know that there are lots and lots of,231.72,3.76
NM_ISxhndjw,2024-11-13T14:05:47Z,dollars sitting around with ashes of,233.439,3.761
NM_ISxhndjw,2024-11-13T14:05:47Z,creation because they need it to keep,235.48,3.52
NM_ISxhndjw,2024-11-13T14:05:47Z,this whole thing moving and you say hey,237.2,4.0
NM_ISxhndjw,2024-11-13T14:05:47Z,guess what this is your big weekend here,239.0,4.64
NM_ISxhndjw,2024-11-13T14:05:47Z,uh you uh have a lot writing on this,241.2,4.319
NM_ISxhndjw,2024-11-13T14:05:47Z,with the morale of all your people and,243.64,3.76
NM_ISxhndjw,2024-11-13T14:05:47Z,all your testers and I have completely,245.519,4.401
NM_ISxhndjw,2024-11-13T14:05:47Z,shut down your whole thing uh please,247.4,4.759
NM_ISxhndjw,2024-11-13T14:05:47Z,insert x amount of cryptocurrency into,249.92,4.56
NM_ISxhndjw,2024-11-13T14:05:47Z,this account uh within uh 4 hours and,252.159,4.76
NM_ISxhndjw,2024-11-13T14:05:47Z,it'll all go away that is the second one,254.48,5.879
NM_ISxhndjw,2024-11-13T14:05:47Z,third one and this this one uh this,256.919,5.321
NM_ISxhndjw,2024-11-13T14:05:47Z,one's a little creative on my part but I,260.359,5.201
NM_ISxhndjw,2024-11-13T14:05:47Z,think it's actually plausible uh resume,262.24,6.48
NM_ISxhndjw,2024-11-13T14:05:47Z,so if you are a cyber terrorist and,265.56,5.84
NM_ISxhndjw,2024-11-13T14:05:47Z,you are attempting to show other people,268.72,4.6
NM_ISxhndjw,2024-11-13T14:05:47Z,on the dark web that you can actually do,271.4,3.28
NM_ISxhndjw,2024-11-13T14:05:47Z,what you say you're going to do for,273.32,3.4
NM_ISxhndjw,2024-11-13T14:05:47Z,somebody else to purchase your services,274.68,3.68
NM_ISxhndjw,2024-11-13T14:05:47Z,you can say hey guess what ashes of,276.72,3.0
NM_ISxhndjw,2024-11-13T14:05:47Z,creation one of the biggest games out,278.36,2.64
NM_ISxhndjw,2024-11-13T14:05:47Z,there is going to have an open weekend,279.72,2.24
NM_ISxhndjw,2024-11-13T14:05:47Z,and I'm going to shut them down for,281.0,2.199
NM_ISxhndjw,2024-11-13T14:05:47Z,eight hours or I'm going to shut them,281.96,2.84
NM_ISxhndjw,2024-11-13T14:05:47Z,down for 12 hours or something like that,283.199,3.201
NM_ISxhndjw,2024-11-13T14:05:47Z,just to prove to you that I can do this,284.8,3.32
NM_ISxhndjw,2024-11-13T14:05:47Z,for no other gain other than just to,286.4,3.72
NM_ISxhndjw,2024-11-13T14:05:47Z,show you that I can so that would be a,288.12,3.72
NM_ISxhndjw,2024-11-13T14:05:47Z,potential resume piece for a cyber,290.12,4.079
NM_ISxhndjw,2024-11-13T14:05:47Z,terrorist so wow there you go and you,291.84,5.199
NM_ISxhndjw,2024-11-13T14:05:47Z,know all three of those things do make,294.199,6.0
NM_ISxhndjw,2024-11-13T14:05:47Z,plenty of sense but I do have,297.039,5.281
NM_ISxhndjw,2024-11-13T14:05:47Z,piece of information for you,300.199,5.081
NM_ISxhndjw,2024-11-13T14:05:47Z,Sunny we do not,302.32,4.84
NM_ISxhndjw,2024-11-13T14:05:47Z,negotiate with,305.28,5.52
NM_ISxhndjw,2024-11-13T14:05:47Z,terrorists I agree and they got better,307.16,6.08
NM_ISxhndjw,2024-11-13T14:05:47Z,at it like the Intrepid got better over,310.8,4.76
NM_ISxhndjw,2024-11-13T14:05:47Z,the weekend they figured it out they're,313.24,4.28
NM_ISxhndjw,2024-11-13T14:05:47Z,going to spend more money on it and and,315.56,4.8
NM_ISxhndjw,2024-11-13T14:05:47Z,it sucks right like I'm not trying to,317.52,4.32
NM_ISxhndjw,2024-11-13T14:05:47Z,I'm not trying to say that there's any,320.36,3.16
NM_ISxhndjw,2024-11-13T14:05:47Z,justification for this this is cyber,321.84,3.4
NM_ISxhndjw,2024-11-13T14:05:47Z,terrorism you go to prison for this kind,323.52,5.04
NM_ISxhndjw,2024-11-13T14:05:47Z,of stuff right and rightfully so I hope,325.24,4.92
NM_ISxhndjw,2024-11-13T14:05:47Z,you go to a bad prison I hope you don't,328.56,3.479
NM_ISxhndjw,2024-11-13T14:05:47Z,go to a country club prison go to bad go,330.16,5.12
NM_ISxhndjw,2024-11-13T14:05:47Z,to go to a Russian prison somewhere but,332.039,5.72
NM_ISxhndjw,2024-11-13T14:05:47Z,that that is what happened so I do in,335.28,4.639
NM_ISxhndjw,2024-11-13T14:05:47Z,fact thank you Rogue uh Rogue posted in,337.759,5.44
NM_ISxhndjw,2024-11-13T14:05:47Z,our chat the exact thing that uh that,339.919,5.56
NM_ISxhndjw,2024-11-13T14:05:47Z,Stephen wrote and I want to read it it,343.199,3.921
NM_ISxhndjw,2024-11-13T14:05:47Z,says to those who are per are,345.479,4.0
NM_ISxhndjw,2024-11-13T14:05:47Z,perpetuating the attacks I would ask,347.12,3.919
NM_ISxhndjw,2024-11-13T14:05:47Z,that you consider what our testers and,349.479,2.881
NM_ISxhndjw,2024-11-13T14:05:47Z,development team are trying to,351.039,3.681
NM_ISxhndjw,2024-11-13T14:05:47Z,accomplish with our weekend testing to,352.36,5.24
NM_ISxhndjw,2024-11-13T14:05:47Z,improve a genre we care for and love we,354.72,4.599
NM_ISxhndjw,2024-11-13T14:05:47Z,understand ashes may not be a game for,357.6,3.879
NM_ISxhndjw,2024-11-13T14:05:47Z,everyone But ultimately gamers are one,359.319,4.401
NM_ISxhndjw,2024-11-13T14:05:47Z,Community I would try to speak to you,361.479,4.28
NM_ISxhndjw,2024-11-13T14:05:47Z,directly when I say we are brother we,363.72,6.0
NM_ISxhndjw,2024-11-13T14:05:47Z,are same stepen,365.759,3.961
